Dataset,NN,GRAIL exact classification precision,GRAIL exact precision,GRAIL exact time,PQ classification precision,PQ precision,PQ time,OPQ (64) classification precision,OPQ (64) precision,OPQ (64) time,OPQ (128) classification precision,OPQ (128) precision,OPQ (128) time,TRAIN_size,TEST_size
ACSF1,1,0.77,0.75,0.117018938,0.58,0.29,0.031816006,0.62,0.29,0.033227205,0.63,0.45,0.05577302,100,100
ACSF1,3,0.6,0.793333333,0.120009661,0.47,0.306666667,0.03346014,0.56,0.45,0.035233974,0.59,0.483333333,0.05862689,100,100
ACSF1,5,0.59,0.826,0.121005058,0.49,0.418,0.034241915,0.57,0.506,0.036547899,0.59,0.586,0.059463024,100,100
ACSF1,10,0.57,0.873,0.121503115,0.46,0.514,0.03517437,0.54,0.616,0.037306309,0.51,0.666,0.059867382,100,100
Adiac,1,0.6342711,0.959079284,1.782658815,0.460358056,0.176470588,0.177980661,0.480818414,0.322250639,0.185994625,0.534526854,0.396419437,0.294394732,390,391
Adiac,3,0.572890026,0.971014493,1.789223909,0.470588235,0.311167945,0.190186262,0.485933504,0.450980392,0.196233749,0.583120205,0.543904518,0.300595284,390,391
Adiac,5,0.557544757,0.983631714,1.800455332,0.47826087,0.363682864,0.192323208,0.445012788,0.515089514,0.200134754,0.542199488,0.581585678,0.304091215,390,391
Adiac,10,0.496163683,0.985933504,1.818860292,0.468030691,0.442710997,0.200083971,0.434782609,0.612787724,0.20701623,0.475703325,0.665984655,0.313150167,390,391
AllGestureWiimoteX,1,0.59,0.587142857,2.426209927,0.478571429,0.34,0.286410093,0.492857143,0.37,0.30059433,0.557142857,0.47,0.481533051,300,700
AllGestureWiimoteX,3,0.548571429,0.623809524,2.467339993,0.468571429,0.434285714,0.306642056,0.497142857,0.501428571,0.31985569,0.541428571,0.571428571,0.501657248,300,700
AllGestureWiimoteX,5,0.551428571,0.652571429,2.486438513,0.457142857,0.476,0.315397739,0.492857143,0.561714286,0.325688124,0.548571429,0.618285714,0.509438753,300,700
AllGestureWiimoteX,10,0.515714286,0.661571429,2.482563734,0.432857143,0.504714286,0.327438831,0.45,0.621428571,0.341341019,0.487142857,0.667142857,0.52282691,300,700
AllGestureWiimoteY,1,0.597142857,0.741428571,2.4405303,0.53,0.408571429,0.287127733,0.504285714,0.397142857,0.299439907,0.577142857,0.498571429,0.484792233,300,700
AllGestureWiimoteY,3,0.564285714,0.776190476,2.459146976,0.477142857,0.485714286,0.307368279,0.517142857,0.576666667,0.319354773,0.542857143,0.647142857,0.503590345,300,700
AllGestureWiimoteY,5,0.55,0.782285714,2.488474607,0.482857143,0.518,0.313946962,0.528571429,0.632857143,0.325248003,0.535714286,0.7,0.509246349,300,700
AllGestureWiimoteY,10,0.532857143,0.78,2.482572794,0.452857143,0.522571429,0.326573133,0.505714286,0.663857143,0.338869095,0.502857143,0.726285714,0.533870935,300,700
AllGestureWiimoteZ,1,0.554285714,0.631428571,2.435925961,0.428571429,0.327142857,0.288720608,0.464285714,0.351428571,0.299474478,0.495714286,0.45,0.484202147,300,700
AllGestureWiimoteZ,3,0.508571429,0.682380952,2.439568043,0.41,0.467619048,0.308582306,0.451428571,0.504761905,0.318253994,0.474285714,0.604761905,0.504401207,300,700
AllGestureWiimoteZ,5,0.497142857,0.698,2.487589598,0.424285714,0.499714286,0.313025475,0.432857143,0.584857143,0.325228453,0.465714286,0.652857143,0.508667231,300,700
AllGestureWiimoteZ,10,0.42,0.731714286,2.487180471,0.37,0.541428571,0.326871872,0.394285714,0.647142857,0.346636057,0.401428571,0.704428571,0.528122187,300,700
ArrowHead,1,0.805714286,0.971428571,0.074730396,0.708571429,0.4,0.049237728,0.811428571,0.622857143,0.052492619,0.84,0.72,0.0908916,36,175
ArrowHead,3,0.811428571,0.973333333,0.077077627,0.8,0.556190476,0.052251816,0.857142857,0.752380952,0.055284977,0.817142857,0.786666667,0.093604088,36,175
ArrowHead,5,0.645714286,0.986285714,0.078598261,0.748571429,0.635428571,0.053068638,0.674285714,0.797714286,0.056326866,0.691428571,0.829714286,0.094754457,36,175
ArrowHead,10,0.622857143,0.990857143,0.08112216,0.708571429,0.716571429,0.054735899,0.645714286,0.860571429,0.058630228,0.582857143,0.856571429,0.096549034,36,175
Beef,1,0.566666667,0.9,0.010913134,0.466666667,0.633333333,0.008383512,0.566666667,0.766666667,0.008702993,0.6,0.833333333,0.014774799,30,30
Beef,3,0.566666667,0.955555556,0.01123929,0.466666667,0.744444444,0.008886337,0.533333333,0.855555556,0.009226799,0.533333333,0.855555556,0.015364885,30,30
Beef,5,0.466666667,0.953333333,0.0114851,0.466666667,0.786666667,0.00906539,0.5,0.833333333,0.009460449,0.466666667,0.873333333,0.015548706,30,30
Beef,10,0.3,0.983333333,0.011927843,0.4,0.856666667,0.009345055,0.3,0.913333333,0.009747744,0.3,0.923333333,0.015878439,30,30
BeetleFly,1,0.6,0.15,0.004937887,0.75,0.2,0.005569696,0.65,0.15,0.005722523,0.65,0.15,0.009694338,20,20
BeetleFly,3,0.5,0.25,0.005111933,0.55,0.25,0.005814791,0.55,0.233333333,0.005990982,0.65,0.25,0.010124922,20,20
BeetleFly,5,0.5,0.22,0.005312443,0.65,0.33,0.005899191,0.6,0.23,0.006139755,0.6,0.23,0.010215998,20,20
BeetleFly,10,0.5,0.55,0.0054667,0.6,0.53,0.006055117,0.5,0.545,0.006278753,0.5,0.56,0.01033473,20,20
BirdChicken,1,0.8,0.75,0.004971504,0.8,0.45,0.005538464,0.8,0.75,0.005813837,0.8,0.75,0.009958982,20,20
BirdChicken,3,0.65,0.583333333,0.005175352,0.65,0.55,0.005815029,0.7,0.666666667,0.006071568,0.7,0.566666667,0.010263205,20,20
BirdChicken,5,0.65,0.61,0.00526762,0.65,0.58,0.005934954,0.75,0.72,0.006211042,0.65,0.6,0.010276794,20,20
BirdChicken,10,0.6,0.675,0.005432844,0.6,0.64,0.006138563,0.65,0.66,0.00632453,0.55,0.66,0.010442972,20,20
BME,1,0.886666667,0.953333333,0.053985119,0.86,0.513333333,0.042375803,0.906666667,0.78,0.044405222,0.886666667,0.826666667,0.077931643,30,150
BME,3,0.82,0.968888889,0.05683136,0.806666667,0.673333333,0.044276714,0.8,0.886666667,0.04722023,0.793333333,0.886666667,0.080445528,30,150
BME,5,0.726666667,0.970666667,0.057785034,0.78,0.661333333,0.04529953,0.76,0.854666667,0.047840834,0.713333333,0.862666667,0.080788612,30,150
BME,10,0.64,0.980666667,0.059380054,0.613333333,0.774666667,0.047603369,0.626666667,0.896666667,0.049097538,0.646666667,0.912,0.082295179,30,150
Car,1,0.75,0.866666667,0.042655945,0.716666667,0.483333333,0.017709732,0.733333333,0.7,0.01836586,0.766666667,0.7,0.032027483,60,60
Car,3,0.7,0.877777778,0.04352951,0.616666667,0.588888889,0.018640995,0.65,0.755555556,0.019566774,0.666666667,0.794444444,0.032839537,60,60
Car,5,0.666666667,0.906666667,0.044118404,0.6,0.636666667,0.019102812,0.633333333,0.79,0.019824505,0.65,0.82,0.033394337,60,60
Car,10,0.683333333,0.948333333,0.044882774,0.55,0.698333333,0.01987505,0.566666667,0.823333333,0.020536423,0.616666667,0.868333333,0.034172535,60,60
CBF,1,0.992222222,0.76,0.32144475,0.972222222,0.62,0.249850512,0.99,0.771111111,0.263013601,0.988888889,0.754444444,0.462286949,30,900
CBF,3,0.964444444,0.855925926,0.337301731,0.937777778,0.73,0.264521122,0.962222222,0.812592593,0.279858351,0.958888889,0.822222222,0.477811337,30,900
CBF,5,0.945555556,0.881777778,0.345296621,0.938888889,0.739555556,0.2705369,0.94,0.840222222,0.286044836,0.943333333,0.856888889,0.482860088,30,900
CBF,10,0.877777778,0.881222222,0.352747917,0.912222222,0.761333333,0.278614521,0.884444444,0.845222222,0.294313669,0.885555556,0.845333333,0.491039753,30,900
Chinatown,1,0.944927536,0.950724638,0.085130692,0.797101449,0.457971014,0.094732285,0.950724638,0.828985507,0.098892927,0.953623188,0.805797101,0.174303293,20,345
Chinatown,3,0.950724638,0.985507246,0.08888793,0.820289855,0.621256039,0.099288464,0.936231884,0.853140097,0.105089903,0.944927536,0.821256039,0.180562973,20,345
Chinatown,5,0.907246377,0.980289855,0.090473413,0.742028986,0.698550725,0.10144496,0.866666667,0.864927536,0.106729984,0.92173913,0.859710145,0.181584835,20,345
Chinatown,10,0.8,0.990434783,0.093734503,0.724637681,0.831014493,0.104589224,0.773913043,0.895652174,0.11032939,0.788405797,0.895072464,0.185508728,20,345
ChlorineConcentration,1,0.497395833,0.53046875,21.02822351,0.474739583,0.260416667,1.883947372,0.465364583,0.266145833,1.962949991,0.479947917,0.370572917,3.074315548,467,3840
ChlorineConcentration,3,0.484375,0.655121528,21.1262567,0.47421875,0.418836806,2.014450073,0.4796875,0.433940972,2.083384991,0.4640625,0.535243056,3.192059517,467,3840
ChlorineConcentration,5,0.492708333,0.726979167,21.17390704,0.465625,0.493541667,2.051659346,0.477083333,0.530989583,2.11772418,0.485416667,0.610833333,3.199008226,467,3840
ChlorineConcentration,10,0.527864583,0.827421875,21.18750286,0.515625,0.626041667,2.113710165,0.512239583,0.661953125,2.190380573,0.517447917,0.726796875,3.280753136,467,3840
CinCECGTorso,1,0.747101449,0.731884058,0.648140907,0.695652174,0.574637681,0.390714645,0.760144928,0.67173913,0.413386345,0.756521739,0.728985507,0.714893818,40,1380
CinCECGTorso,3,0.602898551,0.730193237,0.682621479,0.591304348,0.6,0.412334442,0.582608696,0.721980676,0.435280085,0.596376812,0.731884058,0.739428759,40,1380
CinCECGTorso,5,0.488405797,0.73,0.691807032,0.404347826,0.582463768,0.418912172,0.382608696,0.703333333,0.44363904,0.463043478,0.723768116,0.748587847,40,1380
CinCECGTorso,10,0.356521739,0.741594203,0.700288057,0.35,0.634710145,0.437436342,0.329710145,0.707101449,0.466453552,0.339855072,0.712101449,0.773388863,40,1380
Coffee,1,1,0.892857143,0.009545565,1,0.535714286,0.007837057,0.964285714,0.75,0.00814271,0.964285714,0.75,0.013936996,28,28
Coffee,3,1,0.94047619,0.009865999,0.964285714,0.535714286,0.008266687,0.964285714,0.702380952,0.008578539,1,0.845238095,0.014238596,28,28
Coffee,5,0.964285714,0.964285714,0.01137948,0.964285714,0.678571429,0.008523941,1,0.785714286,0.008722782,0.964285714,0.828571429,0.014477015,28,28
Coffee,10,0.964285714,0.985714286,0.010337591,0.928571429,0.796428571,0.008741856,0.964285714,0.889285714,0.008963823,0.964285714,0.907142857,0.014600515,28,28
Computers,1,0.552,0.524,0.724257469,0.508,0.224,0.096016884,0.492,0.296,0.100477457,0.572,0.416,0.164319515,250,250
Computers,3,0.576,0.616,0.726136208,0.536,0.385333333,0.102974415,0.544,0.446666667,0.106679678,0.56,0.530666667,0.17061162,250,250
Computers,5,0.584,0.6584,0.738585234,0.54,0.436,0.104170561,0.58,0.5256,0.108848095,0.572,0.6096,0.173185349,250,250
Computers,10,0.636,0.6932,0.738862753,0.6,0.508,0.109264374,0.58,0.58,0.115039825,0.596,0.6536,0.177364588,250,250
CricketX,1,0.669230769,0.582051282,1.765870333,0.574358974,0.323076923,0.177817106,0.628205128,0.302564103,0.186924458,0.676923077,0.443589744,0.294620991,390,390
CricketX,3,0.669230769,0.685470085,1.768112183,0.582051282,0.456410256,0.189977646,0.628205128,0.490598291,0.197868109,0.656410256,0.592307692,0.305919647,390,390
CricketX,5,0.694871795,0.689230769,1.782099009,0.569230769,0.501538462,0.192650795,0.651282051,0.546666667,0.201516151,0.648717949,0.616410256,0.309429884,390,390
CricketX,10,0.651282051,0.708717949,1.812889814,0.525641026,0.529487179,0.201444149,0.597435897,0.631025641,0.208761215,0.623076923,0.681025641,0.31676054,390,390
CricketY,1,0.635897436,0.602564103,1.761699677,0.571794872,0.3,0.177285194,0.612820513,0.320512821,0.183188915,0.635897436,0.433333333,0.292586327,390,390
CricketY,3,0.641025641,0.688034188,1.799903154,0.520512821,0.455555556,0.188246965,0.58974359,0.509401709,0.194978714,0.617948718,0.577777778,0.302559853,390,390
CricketY,5,0.648717949,0.727179487,1.801099777,0.520512821,0.505128205,0.193578482,0.605128205,0.593333333,0.199335337,0.61025641,0.643589744,0.306645155,390,390
CricketY,10,0.630769231,0.742307692,1.809054136,0.476923077,0.527692308,0.199629784,0.605128205,0.648205128,0.207098246,0.58974359,0.682564103,0.315758705,390,390
CricketZ,1,0.738461538,0.579487179,1.760188818,0.661538462,0.335897436,0.177676916,0.664102564,0.328205128,0.184537888,0.717948718,0.438461538,0.292637587,390,390
CricketZ,3,0.723076923,0.696581197,1.773524523,0.633333333,0.456410256,0.191049814,0.679487179,0.51025641,0.196537495,0.717948718,0.608547009,0.30618763,390,390
CricketZ,5,0.717948718,0.706153846,1.776175976,0.615384615,0.485641026,0.194220304,0.674358974,0.563076923,0.200894833,0.707692308,0.648717949,0.308633089,390,390
CricketZ,10,0.697435897,0.716666667,1.811763525,0.541025641,0.505897436,0.20169282,0.638461538,0.628461538,0.210379839,0.651282051,0.688461538,0.3195889,390,390
Crop,1,0.640595238,0.517797619,1404.526579,0.428035714,0.140892857,63.93144441,0.350119048,0.079880952,64.25453997,0.535714286,0.232619048,86.83158088,7200,16800
Crop,3,0.625892857,0.517063492,1409.403674,0.487559524,0.180595238,67.97110057,0.375833333,0.123293651,68.19428086,0.558154762,0.271884921,91.06932712,7200,16800
Crop,5,0.625654762,0.521678571,1418.084596,0.502559524,0.209440476,68.56978321,0.409642857,0.150047619,68.47980452,0.57452381,0.296845238,92.17880774,7200,16800
Crop,10,0.619880952,0.542053571,1412.378377,0.530892857,0.257214286,69.2607975,0.453511905,0.205577381,76.30913877,0.577380952,0.350970238,136.0829275,7200,16800
DiatomSizeReduction,1,0.954248366,0.986928105,0.061327696,0.87254902,0.591503268,0.084004164,0.970588235,0.77124183,0.088157415,0.931372549,0.790849673,0.153445244,16,306
DiatomSizeReduction,3,0.892156863,0.988017429,0.065369129,0.816993464,0.801742919,0.087426424,0.895424837,0.917211329,0.093019962,0.89869281,0.918300654,0.160346031,16,306
DiatomSizeReduction,5,0.885620915,0.992156863,0.066508532,0.885620915,0.821568627,0.088821173,0.875816993,0.930065359,0.106112242,0.888888889,0.902614379,0.161273241,16,306
DiatomSizeReduction,10,0.820261438,0.995424837,0.069051266,0.866013072,0.818627451,0.091581106,0.673202614,0.876470588,0.0965662,0.640522876,0.866993464,0.163131714,16,306
DistalPhalanxOutlineAgeGroup,1,0.647482014,0.805755396,0.647898912,0.71942446,0.179856115,0.064512968,0.683453237,0.258992806,0.066784143,0.705035971,0.395683453,0.106747389,400,139
DistalPhalanxOutlineAgeGroup,3,0.705035971,0.817745803,0.654031992,0.676258993,0.24940048,0.069004059,0.676258993,0.42206235,0.071633101,0.705035971,0.582733813,0.110010386,400,139
DistalPhalanxOutlineAgeGroup,5,0.705035971,0.861870504,0.653024912,0.683453237,0.282014388,0.070320368,0.661870504,0.505035971,0.072635412,0.712230216,0.605755396,0.111534119,400,139
DistalPhalanxOutlineAgeGroup,10,0.690647482,0.905755396,0.657055616,0.705035971,0.363309353,0.073531866,0.683453237,0.594244604,0.075982094,0.690647482,0.661151079,0.114161968,400,139
DistalPhalanxOutlineCorrect,1,0.713768116,0.81884058,1.919677973,0.721014493,0.18115942,0.154727221,0.688405797,0.221014493,0.160352468,0.702898551,0.373188406,0.241847515,600,276
DistalPhalanxOutlineCorrect,3,0.735507246,0.865942029,1.929817438,0.746376812,0.25,0.165732384,0.746376812,0.38647343,0.170347214,0.753623188,0.506038647,0.255362034,600,276
DistalPhalanxOutlineCorrect,5,0.735507246,0.893478261,1.934836864,0.75,0.307246377,0.169135332,0.764492754,0.447101449,0.174326658,0.746376812,0.584057971,0.258291721,600,276
DistalPhalanxOutlineCorrect,10,0.735507246,0.910144928,1.9530375,0.768115942,0.364130435,0.175049782,0.77173913,0.517753623,0.179909945,0.739130435,0.636956522,0.264314175,600,276
DistalPhalanxTW,1,0.625899281,0.798561151,0.650414944,0.589928058,0.223021583,0.063882351,0.618705036,0.330935252,0.066812515,0.625899281,0.467625899,0.106119394,400,139
DistalPhalanxTW,3,0.669064748,0.800959233,0.655441284,0.539568345,0.270983213,0.069159508,0.647482014,0.410071942,0.071805954,0.597122302,0.558752998,0.110587597,400,139
DistalPhalanxTW,5,0.661870504,0.857553957,0.654115438,0.54676259,0.305035971,0.070316792,0.661870504,0.473381295,0.072900534,0.697841727,0.611510791,0.11163187,400,139
DistalPhalanxTW,10,0.661870504,0.89352518,0.659086227,0.561151079,0.379856115,0.073873043,0.654676259,0.582733813,0.076439857,0.683453237,0.687769784,0.115069628,400,139
DodgerLoopDay,1,0.5875,0.5875,0.073353529,0.375,0.35,0.024423599,0.55,0.4875,0.025351048,0.5375,0.5125,0.043293715,78,80
DodgerLoopDay,3,0.575,0.633333333,0.074396133,0.475,0.454166667,0.025853872,0.5375,0.5875,0.026801109,0.5625,0.625,0.045603037,78,80
DodgerLoopDay,5,0.5125,0.7175,0.075371027,0.475,0.555,0.026596069,0.4375,0.6375,0.027303696,0.525,0.6875,0.04567647,78,80
DodgerLoopDay,10,0.5125,0.76875,0.076753139,0.575,0.65,0.02770853,0.4,0.7125,0.028538942,0.4625,0.74,0.046661615,78,80
DodgerLoopGame,1,0.949275362,0.608695652,0.033766985,0.833333333,0.492753623,0.037888288,0.934782609,0.601449275,0.039027452,0.913043478,0.594202899,0.069781065,20,138
DodgerLoopGame,3,0.927536232,0.765700483,0.03587389,0.826086957,0.599033816,0.040024042,0.876811594,0.734299517,0.041263819,0.913043478,0.736714976,0.072050571,20,138
DodgerLoopGame,5,0.862318841,0.81884058,0.036325455,0.84057971,0.708695652,0.040734529,0.847826087,0.791304348,0.042088509,0.84057971,0.807246377,0.072274208,20,138
DodgerLoopGame,10,0.753623188,0.871014493,0.037759781,0.768115942,0.823188406,0.041901827,0.797101449,0.824637681,0.043164492,0.789855072,0.835507246,0.073940992,20,138
DodgerLoopWeekend,1,0.97826087,0.601449275,0.033791542,0.971014493,0.507246377,0.037694693,0.956521739,0.623188406,0.039312124,0.963768116,0.623188406,0.06942153,20,138
DodgerLoopWeekend,3,0.963768116,0.724637681,0.035174608,0.97826087,0.719806763,0.039639235,0.971014493,0.746376812,0.04122591,0.934782609,0.734299517,0.071678162,20,138
DodgerLoopWeekend,5,0.985507246,0.814492754,0.036111593,0.97826087,0.807246377,0.04033947,0.971014493,0.833333333,0.041755199,0.942028986,0.808695652,0.072245359,20,138
DodgerLoopWeekend,10,0.97826087,0.89057971,0.037459373,0.963768116,0.846376812,0.041267395,0.971014493,0.863043478,0.042765617,0.985507246,0.844927536,0.073224306,20,138
Earthquakes,1,0.64028777,0.021582734,0.519650221,0.309352518,0,0.05928278,0.71942446,0.007194245,0.060641527,0.741007194,0.007194245,0.097639084,322,139
Earthquakes,3,0.697841727,0.055155875,0.526096821,0.748201439,0.014388489,0.062378407,0.73381295,0.03117506,0.064670801,0.748201439,0.026378897,0.102131605,322,139
Earthquakes,5,0.71942446,0.084892086,0.527239561,0.748201439,0.025899281,0.062793493,0.741007194,0.035971223,0.065419674,0.748201439,0.034532374,0.101982832,322,139
Earthquakes,10,0.748201439,0.126618705,0.530840635,0.748201439,0.043884892,0.06381917,0.748201439,0.050359712,0.066322565,0.748201439,0.044604317,0.104233265,322,139
ECG200,1,0.87,0.8,0.11654973,0.76,0.42,0.031566143,0.85,0.47,0.033074379,0.83,0.67,0.056358814,100,100
ECG200,3,0.85,0.866666667,0.118815899,0.73,0.496666667,0.033751965,0.87,0.596666667,0.036127329,0.87,0.696666667,0.058890104,100,100
ECG200,5,0.83,0.892,0.121192455,0.75,0.544,0.034447908,0.88,0.67,0.037054539,0.84,0.744,0.059182167,100,100
ECG200,10,0.82,0.94,0.122112989,0.79,0.622,0.035966396,0.83,0.766,0.038361311,0.83,0.798,0.061100006,100,100
ECG5000,1,0.923555556,0.691777778,26.03780651,0.904888889,0.272888889,2.298391819,0.918,0.282888889,2.740720034,0.926444444,0.443333333,3.833671808,500,4500
ECG5000,3,0.940444444,0.744222222,26.22850657,0.926,0.40362963,2.457990646,0.932666667,0.424814815,2.555780888,0.934444444,0.55962963,6.327022076,500,4500
ECG5000,5,0.940888889,0.775377778,26.75650215,0.929111111,0.464355556,2.502674818,0.936444444,0.4972,2.588026285,0.937555556,0.619822222,3.88201046,500,4500
ECG5000,10,0.939777778,0.809644444,26.82149911,0.927333333,0.532377778,2.618423462,0.937333333,0.592111111,2.708412886,0.937777778,0.683222222,4.037141323,500,4500
ECGFiveDays,1,0.995354239,0.835075494,0.239772797,0.944250871,0.674796748,0.238177538,0.995354239,0.801393728,0.250759602,0.995354239,0.818815331,0.439749479,23,861
ECGFiveDays,3,0.994192799,0.943476578,0.2526443,0.958188153,0.768873403,0.251286983,0.986062718,0.879210221,0.26585412,0.989547038,0.896631823,0.453519583,23,861
ECGFiveDays,5,0.955865273,0.931475029,0.259358644,0.93495935,0.747270616,0.255959749,0.946573751,0.864111498,0.271272659,0.955865273,0.884088269,0.460087776,23,861
ECGFiveDays,10,0.951219512,0.954006969,0.265786886,0.99883856,0.790243902,0.262206793,0.988385598,0.870847851,0.280388117,0.981416957,0.896980256,0.469842196,23,861
ElectricDevices,1,0.56075736,0.388665543,1400.083194,0.545973285,0.050317728,63.53949547,0.499935158,0.051095837,66.66525507,0.517701984,0.13033329,87.24860144,8926,7711
ElectricDevices,3,0.567890027,0.44455972,800.0714884,0.574503955,0.092292396,37.75521684,0.547010764,0.099338607,38.2775774,0.533393853,0.208490036,54.70118976,8926,7711
ElectricDevices,5,0.577486707,0.470911685,803.305351,0.581895993,0.119569446,38.62223148,0.5458436,0.133912592,39.03037667,0.548307613,0.243600052,51.17106962,8926,7711
ElectricDevices,10,0.591103618,0.504020231,806.2487185,0.589936454,0.161068603,38.79488826,0.586564648,0.181792245,39.04701567,0.568019712,0.296005706,51.28070879,8926,7711
EOGHorizontalSignal,1,0.464088398,0.76519337,1.511730671,0.348066298,0.273480663,0.158853054,0.414364641,0.400552486,0.166583776,0.425414365,0.513812155,0.269728661,362,362
EOGHorizontalSignal,3,0.455801105,0.802946593,1.537757397,0.345303867,0.348987109,0.170469522,0.417127072,0.533149171,0.176430941,0.450276243,0.643646409,0.27768755,362,362
EOGHorizontalSignal,5,0.464088398,0.823756906,1.543081999,0.350828729,0.406629834,0.174186945,0.466850829,0.574033149,0.181075573,0.450276243,0.671270718,0.278449774,362,362
EOGHorizontalSignal,10,0.455801105,0.863535912,1.547278166,0.350828729,0.455524862,0.181639433,0.436464088,0.650552486,0.189828157,0.461325967,0.743922652,0.287684679,362,362
EOGVerticalSignal,1,0.444751381,0.696132597,1.537011623,0.361878453,0.273480663,0.158795595,0.430939227,0.287292818,0.167788029,0.44198895,0.455801105,0.269042015,362,362
EOGVerticalSignal,3,0.458563536,0.754143646,1.529603958,0.370165746,0.376611418,0.170912981,0.414364641,0.44106814,0.177368164,0.483425414,0.582872928,0.276786804,362,362
EOGVerticalSignal,5,0.458563536,0.795027624,1.538011074,0.350828729,0.408287293,0.172504425,0.428176796,0.54198895,0.181126833,0.461325967,0.661878453,0.280544758,362,362
EOGVerticalSignal,10,0.447513812,0.813259669,1.569304705,0.325966851,0.475690608,0.181082726,0.417127072,0.620441989,0.189114094,0.422651934,0.721823204,0.287597418,362,362
EthanolLevel,1,0.268,0.976,2.923416376,0.326,0.124,0.253707409,0.252,0.342,0.26206851,0.29,0.46,0.409707308,504,500
EthanolLevel,3,0.264,0.982666667,2.958613873,0.35,0.226,0.272801876,0.226,0.467333333,0.283169746,0.276,0.546,0.435427427,504,500
EthanolLevel,5,0.292,0.9788,2.961134672,0.372,0.2732,0.277976513,0.25,0.536,0.287687302,0.26,0.6004,0.43546772,504,500
EthanolLevel,10,0.282,0.9874,2.969528675,0.35,0.3438,0.287462711,0.258,0.627,0.298177481,0.264,0.67,0.447100163,504,500
FaceAll,1,0.757988166,0.381065089,10.91376662,0.650295858,0.181065089,0.917372227,0.69112426,0.165680473,0.930960894,0.733727811,0.265680473,1.455988407,560,1690
FaceAll,3,0.730177515,0.443589744,11.08927083,0.649112426,0.288954635,0.968385696,0.666272189,0.284220907,1.006642818,0.727810651,0.387968442,1.514370441,560,1690
FaceAll,5,0.727810651,0.472307692,11.15147042,0.647337278,0.348994083,0.99119091,0.669230769,0.370650888,1.018088818,0.723076923,0.449585799,1.526665211,560,1690
FaceAll,10,0.708284024,0.496982249,11.0749898,0.631952663,0.418343195,1.033643246,0.701775148,0.464733728,1.05856514,0.711242604,0.507988166,1.580196381,560,1690
FaceFour,1,0.534090909,0.443181818,0.031246901,0.454545455,0.386363636,0.023950577,0.568181818,0.454545455,0.025177002,0.568181818,0.465909091,0.044020176,24,88
FaceFour,3,0.511363636,0.590909091,0.026698351,0.397727273,0.386363636,0.025254965,0.5,0.564393939,0.026309252,0.545454545,0.583333333,0.045474052,24,88
FaceFour,5,0.545454545,0.613636364,0.027229309,0.454545455,0.536363636,0.025880337,0.431818182,0.647727273,0.026830196,0.511363636,0.6,0.045732975,24,88
FaceFour,10,0.454545455,0.611363636,0.028314114,0.420454545,0.613636364,0.026730061,0.363636364,0.609090909,0.027685404,0.465909091,0.619318182,0.047066689,24,88
FacesUCR,1,0.880487805,0.519512195,4.801705122,0.769268293,0.364390244,0.738538504,0.864878049,0.397560976,0.765307903,0.882926829,0.475121951,1.266184092,200,2050
FacesUCR,3,0.848292683,0.590243902,4.776691914,0.769756098,0.47300813,0.785294771,0.838536585,0.542276423,0.81619525,0.852195122,0.584552846,1.322889566,200,2050
FacesUCR,5,0.825853659,0.593268293,4.852093697,0.780487805,0.504,0.801692486,0.824878049,0.573463415,0.829912901,0.843902439,0.602926829,1.338627338,200,2050
FacesUCR,10,0.799512195,0.537463415,4.869405508,0.720487805,0.502292683,0.829222202,0.79804878,0.542439024,0.87074542,0.796585366,0.549414634,1.387593269,200,2050
FiftyWords,1,0.694505495,0.632967033,2.367446423,0.575824176,0.303296703,0.219753742,0.61978022,0.257142857,0.226199865,0.661538462,0.428571429,0.359117031,450,455
FiftyWords,3,0.668131868,0.674725275,2.393924236,0.582417582,0.416849817,0.234780788,0.61978022,0.454945055,0.244428158,0.650549451,0.556776557,0.373248339,450,455
FiftyWords,5,0.681318681,0.669450549,2.416647434,0.575824176,0.444395604,0.239367008,0.648351648,0.509450549,0.249480724,0.679120879,0.603956044,0.377465963,450,455
FiftyWords,10,0.652747253,0.68043956,2.413084745,0.571428571,0.481098901,0.249253511,0.610989011,0.586593407,0.258829117,0.657142857,0.648131868,0.386341572,450,455
Fish,1,0.794285714,0.902857143,0.357578993,0.685714286,0.417142857,0.060609102,0.777142857,0.52,0.063630581,0.822857143,0.657142857,0.106003761,175,175
Fish,3,0.76,0.902857143,0.358977318,0.691428571,0.47047619,0.06494832,0.742857143,0.6,0.068264961,0.794285714,0.727619048,0.110420465,175,175
Fish,5,0.777142857,0.924571429,0.359772921,0.674285714,0.494857143,0.066100121,0.737142857,0.652571429,0.068911791,0.76,0.750857143,0.111961126,175,175
Fish,10,0.731428571,0.946285714,0.363399744,0.651428571,0.54,0.068241358,0.668571429,0.704,0.071787834,0.737142857,0.786857143,0.114559174,175,175
FordA,1,0.771212121,0.25530303,55.42539263,0.759848485,0.084090909,2.681076288,0.779545455,0.093939394,2.999602318,0.785606061,0.156060606,3.749475002,3601,1320
FordA,3,0.790909091,0.343686869,55.69880724,0.777272727,0.131313131,2.860460281,0.803030303,0.17020202,2.942799807,0.798484848,0.23989899,3.904095411,3601,1320
FordA,5,0.806060606,0.383030303,55.74106622,0.796969697,0.151060606,2.904090405,0.804545455,0.207121212,3.259758234,0.806060606,0.283939394,3.993377924,3601,1320
FordA,10,0.792424242,0.439469697,55.04660845,0.795454545,0.173636364,2.918007135,0.802272727,0.267121212,2.939989328,0.795454545,0.348484848,3.981973171,3601,1320
FordB,1,0.658024691,0.296296296,34.02569962,0.643209877,0.083950617,1.646561861,0.62962963,0.10617284,1.67448616,0.671604938,0.192592593,2.325572491,3636,810
FordB,3,0.65308642,0.376954733,34.27567649,0.667901235,0.138683128,1.762288809,0.661728395,0.183539095,1.779921532,0.681481481,0.287242798,2.432174444,3636,810
FordB,5,0.665432099,0.424444444,34.67243242,0.669135802,0.157777778,1.778891802,0.656790123,0.234814815,1.795072556,0.681481481,0.326666667,2.430183172,3636,810
FordB,10,0.659259259,0.470617284,34.5462482,0.65308642,0.193580247,1.806515217,0.654320988,0.293209877,1.834329844,0.67654321,0.388271605,2.411361694,3636,810
FreezerRegularTrain,1,0.781754386,0.701052632,5.00255394,0.680701754,0.441052632,0.965459585,0.716140351,0.44245614,1.030495167,0.81754386,0.615438596,1.683040857,150,2850
FreezerRegularTrain,3,0.736842105,0.793216374,5.084588051,0.631929825,0.591111111,1.036710739,0.705614035,0.608304094,1.095615625,0.771929825,0.717894737,1.768950224,150,2850
FreezerRegularTrain,5,0.762807018,0.884491228,5.173079729,0.647017544,0.648912281,1.054993629,0.738947368,0.734315789,1.129300117,0.769122807,0.806245614,1.765512943,150,2850
FreezerRegularTrain,10,0.764912281,0.943473684,5.159562111,0.742105263,0.734245614,1.088005543,0.76877193,0.814807018,1.217785597,0.767719298,0.882736842,1.827037811,150,2850
FreezerSmallTrain,1,0.673684211,0.841052632,0.953504086,0.681052632,0.630526316,0.785187721,0.678245614,0.77122807,0.855093956,0.669473684,0.804912281,1.474035978,28,2850
FreezerSmallTrain,3,0.700350877,0.916140351,0.999008894,0.696842105,0.685847953,0.841145039,0.698596491,0.819883041,0.901658058,0.705964912,0.813333333,1.522981405,28,2850
FreezerSmallTrain,5,0.764561404,0.966035088,1.022891283,0.762807018,0.737754386,0.849489212,0.763157895,0.872842105,0.905198097,0.761052632,0.879649123,1.542888165,28,2850
FreezerSmallTrain,10,0.741052632,0.995157895,1.059025049,0.763157895,0.894701754,0.882477999,0.760701754,0.928350877,1.074743271,0.753333333,0.950526316,1.591138363,28,2850
Fungi,1,1,1,0.040688753,0.946236559,0.946236559,0.051766157,1,1,0.053707123,0.994623656,0.994623656,0.093392849,18,186
Fungi,3,0.306451613,0.996415771,0.043360233,0.252688172,0.709677419,0.053616285,0.376344086,0.781362007,0.056905985,0.365591398,0.876344086,0.103001118,18,186
Fungi,5,0.14516129,0.998924731,0.044466257,0.14516129,0.668817204,0.054316044,0.258064516,0.786021505,0.057839155,0.14516129,0.887096774,0.10637641,18,186
Fungi,10,0.139784946,0.999462366,0.045807123,0.139784946,0.785483871,0.060054302,0.139784946,0.872043011,0.05936265,0.139784946,0.910215054,0.10007596,18,186
GestureMidAirD1,1,0.615384615,0.892307692,0.316256523,0.576923077,0.492307692,0.047676325,0.5,0.384615385,0.057437181,0.592307692,0.607692308,0.08261919,208,130
GestureMidAirD1,3,0.553846154,0.941025641,0.316311598,0.492307692,0.579487179,0.050397396,0.492307692,0.569230769,0.052958488,0.530769231,0.748717949,0.085824013,208,130
GestureMidAirD1,5,0.576923077,0.92,0.320358038,0.523076923,0.603076923,0.05153656,0.584615385,0.684615385,0.054089785,0.561538462,0.769230769,0.086773634,208,130
GestureMidAirD1,10,0.523076923,0.929230769,0.319216013,0.476923077,0.599230769,0.053532362,0.484615385,0.733076923,0.05624032,0.553846154,0.787692308,0.089291334,208,130
GestureMidAirD2,1,0.6,0.815384615,0.316126823,0.461538462,0.476923077,0.047179461,0.507692308,0.423076923,0.054746389,0.538461538,0.584615385,0.123013973,208,130
GestureMidAirD2,3,0.492307692,0.871794872,0.316600561,0.430769231,0.587179487,0.050143957,0.492307692,0.623076923,0.053672791,0.492307692,0.733333333,0.093279123,208,130
GestureMidAirD2,5,0.515384615,0.889230769,0.321476698,0.369230769,0.626153846,0.051219463,0.469230769,0.690769231,0.054541111,0.484615385,0.783076923,0.087334156,208,130
GestureMidAirD2,10,0.538461538,0.898461538,0.320363522,0.346153846,0.612307692,0.053372383,0.446153846,0.740769231,0.057261705,0.492307692,0.817692308,0.089502335,208,130
GestureMidAirD3,1,0.238461538,0.761538462,0.314868689,0.284615385,0.346153846,0.047421455,0.2,0.3,0.049789667,0.223076923,0.615384615,0.082247496,208,130
GestureMidAirD3,3,0.3,0.815384615,0.322231054,0.261538462,0.464102564,0.050652742,0.238461538,0.551282051,0.052520514,0.246153846,0.669230769,0.085259199,208,130
GestureMidAirD3,5,0.330769231,0.838461538,0.327130079,0.246153846,0.515384615,0.051494122,0.261538462,0.655384615,0.053396225,0.261538462,0.715384615,0.086450577,208,130
GestureMidAirD3,10,0.292307692,0.846923077,0.32056284,0.253846154,0.556153846,0.053492785,0.246153846,0.717692308,0.087879658,0.292307692,0.756153846,0.168362856,208,130
GesturePebbleZ1,1,0.936046512,0.569767442,0.263369083,0.813953488,0.313953488,0.056772947,0.906976744,0.424418605,0.059920788,0.936046512,0.534883721,0.099882364,132,172
GesturePebbleZ1,3,0.947674419,0.701550388,0.269526243,0.76744186,0.416666667,0.060680628,0.906976744,0.562015504,0.063641787,0.930232558,0.620155039,0.103769779,132,172
GesturePebbleZ1,5,0.930232558,0.758139535,0.269948959,0.761627907,0.474418605,0.061671734,0.895348837,0.653488372,0.065149069,0.941860465,0.689534884,0.105852842,132,172
GesturePebbleZ1,10,0.930232558,0.811046512,0.27483654,0.796511628,0.540116279,0.064409018,0.88372093,0.733139535,0.067397118,0.895348837,0.752325581,0.10832262,132,172
GesturePebbleZ2,1,0.879746835,0.582278481,0.270163774,0.689873418,0.246835443,0.052829266,0.917721519,0.379746835,0.056284189,0.905063291,0.5,0.093567133,146,158
GesturePebbleZ2,3,0.930379747,0.605485232,0.270744801,0.67721519,0.339662447,0.05658555,0.930379747,0.514767932,0.059349775,0.917721519,0.567510549,0.097362041,146,158
GesturePebbleZ2,5,0.930379747,0.683544304,0.276036263,0.67721519,0.365822785,0.057786703,0.936708861,0.581012658,0.060851336,0.905063291,0.593670886,0.098690033,146,158
GesturePebbleZ2,10,0.911392405,0.758860759,0.279515743,0.658227848,0.426582278,0.060560465,0.898734177,0.666455696,0.063622236,0.892405063,0.691139241,0.100595236,146,158
GunPoint,1,0.96,0.973333333,0.088416338,0.886666667,0.406666667,0.043321133,0.946666667,0.706666667,0.046063423,0.946666667,0.686666667,0.100799799,50,150
GunPoint,3,0.926666667,0.982222222,0.090652466,0.92,0.553333333,0.046106815,0.886666667,0.826666667,0.048963785,0.94,0.84,0.082766294,50,150
GunPoint,5,0.873333333,0.989333333,0.092224836,0.86,0.576,0.047353029,0.873333333,0.861333333,0.096095324,0.88,0.861333333,0.083946943,50,150
GunPoint,10,0.866666667,0.993333333,0.094441891,0.82,0.706,0.049368858,0.826666667,0.894,0.052415609,0.853333333,0.898666667,0.085705757,50,150
GunPointAgeSpan,1,0.924050633,0.930379747,0.50141573,0.911392405,0.506329114,0.105146885,0.898734177,0.496835443,0.134912252,0.901898734,0.607594937,0.185691118,135,316
GunPointAgeSpan,3,0.898734177,0.962025316,0.509006023,0.886075949,0.584388186,0.111667633,0.905063291,0.701476793,0.118167162,0.892405063,0.773206751,0.194202662,135,316
GunPointAgeSpan,5,0.905063291,0.970886076,0.512854099,0.917721519,0.615822785,0.114702225,0.901898734,0.748734177,0.12103796,0.89556962,0.820253165,0.195227861,135,316
GunPointAgeSpan,10,0.879746835,0.982911392,0.517239571,0.876582278,0.645253165,0.118433475,0.863924051,0.803164557,0.125413895,0.889240506,0.861392405,0.198976517,135,316
GunPointMaleVersusFemale,1,0.990506329,0.946202532,0.497579098,0.977848101,0.458860759,0.104399681,0.984177215,0.458860759,0.113089323,0.996835443,0.661392405,0.185204029,135,316
GunPointMaleVersusFemale,3,0.990506329,0.964135021,0.512293577,0.974683544,0.584388186,0.111633301,0.977848101,0.638185654,0.117540359,0.984177215,0.76371308,0.192506075,135,316
GunPointMaleVersusFemale,5,0.990506329,0.974683544,0.508137226,0.952531646,0.62721519,0.114319086,0.981012658,0.738607595,0.119679451,0.981012658,0.818987342,0.194292068,135,316
GunPointMaleVersusFemale,10,0.987341772,0.990506329,0.514271498,0.984177215,0.683544304,0.119011402,0.984177215,0.804113924,0.125020742,0.990506329,0.862658228,0.19899416,135,316
GunPointOldVersusYoung,1,0.971428571,0.920634921,0.507345915,0.920634921,0.463492063,0.104624271,0.965079365,0.533333333,0.115725279,0.958730159,0.673015873,0.349971771,136,315
GunPointOldVersusYoung,3,0.958730159,0.957671958,0.516387224,0.914285714,0.588359788,0.111790657,0.955555556,0.676190476,0.126051903,0.955555556,0.780952381,0.275906324,136,315
GunPointOldVersusYoung,5,0.949206349,0.977777778,0.516912699,0.917460317,0.641269841,0.113991737,0.965079365,0.74984127,0.119477749,0.958730159,0.823492063,0.192944288,136,315
GunPointOldVersusYoung,10,0.958730159,0.985396825,0.519487143,0.901587302,0.691428571,0.118933678,0.965079365,0.834603175,0.126185417,0.961904762,0.875238095,0.198193312,136,315
Ham,1,0.533333333,0.485714286,0.132834196,0.523809524,0.20952381,0.033566236,0.647619048,0.40952381,0.035493135,0.523809524,0.457142857,0.05921483,109,105
Ham,3,0.533333333,0.679365079,0.135538816,0.59047619,0.314285714,0.035499096,0.676190476,0.479365079,0.038116932,0.552380952,0.593650794,0.06217742,109,105
Ham,5,0.59047619,0.695238095,0.137620687,0.552380952,0.35047619,0.036534786,0.666666667,0.552380952,0.03843379,0.60952381,0.615238095,0.063025951,109,105
Ham,10,0.752380952,0.742857143,0.138980627,0.638095238,0.41047619,0.037800074,0.723809524,0.60952381,0.040306568,0.704761905,0.628571429,0.064484358,109,105
HandOutlines,1,0.856756757,0.932432432,4.297264576,0.851351351,0.232432432,0.278262138,0.864864865,0.2,0.285499573,0.851351351,0.4,0.424559355,1000,370
HandOutlines,3,0.894594595,0.947747748,4.31675458,0.881081081,0.295495495,0.298021793,0.889189189,0.323423423,0.306898355,0.881081081,0.514414414,0.44469285,1000,370
HandOutlines,5,0.886486486,0.943243243,4.327413559,0.886486486,0.317837838,0.30222702,0.9,0.371891892,0.31046629,0.9,0.557837838,0.489786386,1000,370
HandOutlines,10,0.883783784,0.952162162,4.348469257,0.897297297,0.366756757,0.31296587,0.897297297,0.444594595,0.376268387,0.883783784,0.611891892,0.470396996,1000,370
Haptics,1,0.373376623,0.74025974,0.556166172,0.36038961,0.321428571,0.10461235,0.373376623,0.441558442,0.118680716,0.36038961,0.483766234,0.183778048,155,308
Haptics,3,0.373376623,0.82034632,0.566487312,0.376623377,0.425324675,0.112013102,0.396103896,0.566017316,0.117660761,0.36038961,0.637445887,0.199733257,155,308
Haptics,5,0.373376623,0.838961039,0.565624237,0.396103896,0.46038961,0.113376141,0.415584416,0.611038961,0.119348288,0.396103896,0.668831169,0.193356514,155,308
Haptics,10,0.405844156,0.878246753,0.575462341,0.405844156,0.500324675,0.118386507,0.409090909,0.692857143,0.124590874,0.366883117,0.72012987,0.198226452,155,308
Herring,1,0.53125,0.78125,0.048153639,0.484375,0.3125,0.018998623,0.484375,0.421875,0.019617319,0.609375,0.625,0.034078121,64,64
Herring,3,0.53125,0.880208333,0.049473286,0.578125,0.432291667,0.020115376,0.515625,0.604166667,0.020841122,0.609375,0.729166667,0.035597801,64,64
Herring,5,0.546875,0.9,0.049912214,0.5625,0.46875,0.020443678,0.59375,0.703125,0.021322489,0.53125,0.790625,0.035928249,64,64
Herring,10,0.5,0.9234375,0.050387621,0.53125,0.5875,0.021452904,0.578125,0.75625,0.022115946,0.609375,0.8265625,0.03689003,64,64
HouseTwenty,1,0.865546218,0.411764706,0.056321621,0.773109244,0.294117647,0.033726692,0.840336134,0.420168067,0.034880877,0.81512605,0.386554622,0.061269045,40,119
HouseTwenty,3,0.899159664,0.582633053,0.058117628,0.756302521,0.37254902,0.03590107,0.857142857,0.568627451,0.036756277,0.865546218,0.543417367,0.063579321,40,119
HouseTwenty,5,0.865546218,0.583193277,0.05902195,0.81512605,0.447058824,0.036304474,0.831932773,0.559663866,0.03768611,0.798319328,0.551260504,0.064196825,40,119
HouseTwenty,10,0.705882353,0.612605042,0.060001135,0.773109244,0.528571429,0.037693262,0.74789916,0.594957983,0.038719654,0.731092437,0.609243697,0.065146923,40,119
InlineSkate,1,0.443636364,0.878181818,0.646674156,0.352727273,0.390909091,0.172464609,0.4,0.507272727,0.18349576,0.407272727,0.661818182,0.310920715,100,550
InlineSkate,3,0.387272727,0.92,0.657978773,0.361818182,0.526666667,0.185203075,0.370909091,0.706060606,0.204502821,0.376363636,0.796363636,0.32410264,100,550
InlineSkate,5,0.341818182,0.931272727,0.669066429,0.347272727,0.581454545,0.187314272,0.334545455,0.744,0.199413538,0.327272727,0.809818182,0.337166786,100,550
InlineSkate,10,0.316363636,0.946545455,0.675299168,0.267272727,0.653272727,0.196467876,0.292727273,0.804,0.209074736,0.274545455,0.841090909,0.335305929,100,550
InsectEPGRegularTrain,1,0.722891566,0.851405622,0.180226564,0.714859438,0.389558233,0.073497295,0.730923695,0.582329317,0.078113317,0.710843373,0.730923695,0.142041683,62,249
InsectEPGRegularTrain,3,0.763052209,0.895582329,0.187907696,0.751004016,0.576974565,0.078671932,0.734939759,0.678714859,0.082141161,0.742971888,0.801874163,0.139042854,62,249
InsectEPGRegularTrain,5,0.751004016,0.885943775,0.188586235,0.746987952,0.589558233,0.080090523,0.746987952,0.729317269,0.084950924,0.759036145,0.81686747,0.146028519,62,249
InsectEPGRegularTrain,10,0.763052209,0.914859438,0.191351414,0.742971888,0.663052209,0.082950354,0.75502008,0.768674699,0.093153238,0.75502008,0.83373494,0.14379549,62,249
InsectEPGSmallTrain,1,0.734939759,0.887550201,0.052295208,0.682730924,0.570281124,0.067952633,0.746987952,0.831325301,0.071797371,0.714859438,0.843373494,0.125920057,17,249
InsectEPGSmallTrain,3,0.674698795,0.929049531,0.054896116,0.670682731,0.704149933,0.071447134,0.690763052,0.895582329,0.075890779,0.694779116,0.878179384,0.135667801,17,249
InsectEPGSmallTrain,5,0.722891566,0.926104418,0.060670376,0.702811245,0.73815261,0.072558641,0.722891566,0.869879518,0.077682972,0.726907631,0.889959839,0.131530523,17,249
InsectEPGSmallTrain,10,0.670682731,0.954618474,0.05866456,0.694779116,0.827710843,0.079737663,0.674698795,0.889959839,0.079535723,0.674698795,0.920481928,0.134339571,17,249
InsectWingbeatSound,1,0.523232323,0.677777778,5.11427021,0.509090909,0.384848485,0.738524675,0.51010101,0.427777778,0.76677537,0.515151515,0.557070707,1.282649279,220,1980
InsectWingbeatSound,3,0.553535354,0.752356902,5.121842623,0.511111111,0.497474747,0.781478882,0.54040404,0.582996633,0.818116188,0.542929293,0.664814815,1.313164711,220,1980
InsectWingbeatSound,5,0.553030303,0.787272727,5.13960433,0.497474747,0.534040404,0.802045107,0.548989899,0.648282828,0.846396446,0.552525253,0.717171717,1.334310532,220,1980
InsectWingbeatSound,10,0.576767677,0.820606061,5.125111103,0.527777778,0.580808081,0.824408054,0.568181818,0.716616162,0.860109329,0.568686869,0.766161616,1.375820637,220,1980
ItalyPowerDemand,1,0.957240039,0.896015549,0.807003498,0.940719145,0.451895044,0.306460142,0.959183673,0.591836735,0.326141596,0.951409135,0.655004859,0.55755949,67,1029
ItalyPowerDemand,3,0.936831876,0.946550049,0.829017401,0.91739553,0.618075802,0.327419996,0.944606414,0.736637512,0.353151083,0.940719145,0.780369291,0.578090429,67,1029
ItalyPowerDemand,5,0.932944606,0.957240039,0.835013628,0.91739553,0.684159378,0.330928326,0.939747328,0.78931001,0.356602192,0.936831876,0.813994169,0.585162163,67,1029
ItalyPowerDemand,10,0.927113703,0.97696793,0.845564604,0.899902818,0.740330418,0.343509912,0.936831876,0.833333333,0.363399744,0.935860058,0.865500486,0.594947815,67,1029
LargeKitchenAppliances,1,0.688,0.504,1.633005142,0.688,0.154666667,0.167433023,0.648,0.194666667,0.173594475,0.688,0.264,0.276216984,375,375
LargeKitchenAppliances,3,0.714666667,0.532444444,1.641081095,0.690666667,0.278222222,0.179107666,0.685333333,0.355555556,0.188123703,0.725333333,0.414222222,0.289938211,375,375
LargeKitchenAppliances,5,0.709333333,0.565866667,1.649941921,0.682666667,0.353066667,0.182296038,0.682666667,0.4048,0.19235301,0.728,0.486933333,0.301054239,375,375
LargeKitchenAppliances,10,0.68,0.6056,1.672846317,0.701333333,0.456,0.191928864,0.674666667,0.516266667,0.197057962,0.712,0.5712,0.300136328,375,375
Lightning2,1,0.836065574,0.573770492,0.042682886,0.786885246,0.393442623,0.017880917,0.819672131,0.524590164,0.018497705,0.803278689,0.540983607,0.032088041,60,61
Lightning2,3,0.786885246,0.650273224,0.043770552,0.770491803,0.513661202,0.018934488,0.770491803,0.601092896,0.019563437,0.754098361,0.606557377,0.033298492,60,61
Lightning2,5,0.770491803,0.695081967,0.044686317,0.754098361,0.53442623,0.01935482,0.770491803,0.672131148,0.019982815,0.770491803,0.704918033,0.0339396,60,61
Lightning2,10,0.786885246,0.732786885,0.045308113,0.754098361,0.6,0.020249128,0.786885246,0.740983607,0.020914793,0.704918033,0.740983607,0.034407854,60,61
Lightning7,1,0.684931507,0.630136986,0.059961557,0.794520548,0.424657534,0.021719217,0.739726027,0.520547945,0.022568941,0.739726027,0.534246575,0.039275885,70,73
Lightning7,3,0.684931507,0.703196347,0.060679913,0.712328767,0.575342466,0.023137808,0.726027397,0.671232877,0.023842812,0.698630137,0.657534247,0.040732145,70,73
Lightning7,5,0.589041096,0.77260274,0.061667919,0.726027397,0.643835616,0.023718357,0.671232877,0.734246575,0.024375677,0.671232877,0.756164384,0.041117668,70,73
Lightning7,10,0.616438356,0.791780822,0.062695026,0.657534247,0.723287671,0.024843454,0.630136986,0.779452055,0.025577068,0.602739726,0.816438356,0.042402744,70,73
Mallat,1,0.908742004,0.744136461,1.508651495,0.895948827,0.428997868,0.677256823,0.902771855,0.596162047,0.728679895,0.906183369,0.66098081,1.267419815,55,2345
Mallat,3,0.899360341,0.829140014,1.562436581,0.873773987,0.583795309,0.726729155,0.91684435,0.736034115,0.762351751,0.898081023,0.767732765,1.287040949,55,2345
Mallat,5,0.81108742,0.898166311,1.578163385,0.812366738,0.71684435,0.736366987,0.854584222,0.818848614,0.780771017,0.801705757,0.847249467,1.378704309,55,2345
Mallat,10,0.807675906,0.9508742,1.593371391,0.82217484,0.817228145,0.75908637,0.824733475,0.904136461,0.814712286,0.786780384,0.912452026,1.352989674,55,2345
Meat,1,0.933333333,1,0.042090178,0.65,0.2,0.017548084,0.883333333,0.433333333,0.018262863,0.833333333,0.55,0.031718016,60,60
Meat,3,0.916666667,0.994444444,0.043078661,0.65,0.222222222,0.018697739,0.85,0.566666667,0.019474983,0.833333333,0.633333333,0.032782793,60,60
Meat,5,0.9,1,0.043585539,0.65,0.293333333,0.0190413,0.866666667,0.663333333,0.019755125,0.85,0.72,0.033325672,60,60
Meat,10,0.9,1,0.044567823,0.75,0.493333333,0.019876719,0.866666667,0.761666667,0.02052474,0.883333333,0.761666667,0.033933878,60,60
MedicalImages,1,0.694736842,0.796052632,3.365216255,0.585526316,0.325,0.340821981,0.625,0.389473684,0.358964443,0.627631579,0.496052632,0.561340094,381,760
MedicalImages,3,0.651315789,0.788596491,3.380004168,0.568421053,0.43245614,0.364800453,0.630263158,0.506140351,0.378405809,0.648684211,0.592982456,0.663201332,381,760
MedicalImages,5,0.652631579,0.807105263,3.368524313,0.569736842,0.482368421,0.371711016,0.638157895,0.571052632,0.383644104,0.643421053,0.643421053,0.597758293,381,760
MedicalImages,10,0.617105263,0.817368421,3.378785849,0.568421053,0.525131579,0.385661364,0.605263158,0.642631579,0.397452831,0.613157895,0.687368421,0.608512163,381,760
MelbournePedestrian,1,0.828571429,0.672244898,34.00900078,0.772653061,0.157959184,2.082617521,0.790612245,0.172653061,2.141144514,0.810612245,0.283265306,3.120244741,1200,2450
MelbournePedestrian,3,0.831428571,0.762312925,34.33429766,0.779591837,0.259591837,2.218560934,0.785306122,0.280408163,2.276450396,0.807346939,0.419727891,3.256139994,1200,2450
MelbournePedestrian,5,0.829795918,0.794040816,34.44419074,0.783673469,0.323265306,2.277065992,0.788979592,0.352734694,2.39446044,0.802857143,0.488489796,3.304223537,1200,2450
MelbournePedestrian,10,0.812653061,0.837387755,34.54145455,0.776326531,0.415714286,2.338275433,0.778367347,0.458938776,2.426911592,0.792244898,0.581673469,3.369792461,1200,2450
MiddlePhalanxOutlineAgeGroup,1,0.480519481,0.928571429,0.711118937,0.493506494,0.142857143,0.070789814,0.5,0.363636364,0.073397398,0.512987013,0.512987013,0.117934227,400,154
MiddlePhalanxOutlineAgeGroup,3,0.532467532,0.924242424,0.723274708,0.551948052,0.205627706,0.075429201,0.512987013,0.439393939,0.078096628,0.506493506,0.577922078,0.120653629,400,154
MiddlePhalanxOutlineAgeGroup,5,0.525974026,0.957142857,0.731833696,0.584415584,0.255844156,0.076553345,0.532467532,0.511688312,0.079936504,0.603896104,0.622077922,0.122408628,400,154
MiddlePhalanxOutlineAgeGroup,10,0.590909091,0.969480519,0.72651124,0.584415584,0.332467532,0.079801798,0.532467532,0.606493506,0.081621647,0.564935065,0.7,0.125905514,400,154
MiddlePhalanxOutlineCorrect,1,0.75257732,0.920962199,2.056365013,0.694158076,0.161512027,0.162254333,0.728522337,0.323024055,0.16828227,0.721649485,0.453608247,0.267875195,600,291
MiddlePhalanxOutlineCorrect,3,0.766323024,0.931271478,2.048667431,0.718213058,0.217640321,0.173863411,0.718213058,0.426116838,0.180589914,0.756013746,0.5395189,0.269572973,600,291
MiddlePhalanxOutlineCorrect,5,0.776632302,0.946391753,2.067373753,0.728522337,0.237800687,0.176780224,0.738831615,0.474914089,0.181962013,0.756013746,0.56975945,0.272002935,600,291
MiddlePhalanxOutlineCorrect,10,0.773195876,0.949828179,2.057117224,0.745704467,0.284879725,0.181584358,0.721649485,0.546391753,0.19093585,0.81443299,0.654982818,0.27791357,600,291
MiddlePhalanxTW,1,0.525974026,0.876623377,0.719719648,0.441558442,0.149350649,0.070832729,0.435064935,0.272727273,0.073527813,0.5,0.415584416,0.115618944,399,154
MiddlePhalanxTW,3,0.538961039,0.926406926,0.716930628,0.461038961,0.233766234,0.076154947,0.512987013,0.417748918,0.079251766,0.538961039,0.545454545,0.121204853,399,154
MiddlePhalanxTW,5,0.551948052,0.925974026,0.722995996,0.480519481,0.331168831,0.077469349,0.538961039,0.494805195,0.081305981,0.525974026,0.616883117,0.123642921,399,154
MiddlePhalanxTW,10,0.558441558,0.942207792,0.728567839,0.493506494,0.385064935,0.081130266,0.512987013,0.580519481,0.084476471,0.584415584,0.688961039,0.126199245,399,154
MixedShapesRegularTrain,1,0.911752577,0.616494845,13.97833657,0.829278351,0.247010309,1.226034403,0.890309278,0.289896907,1.260418653,0.904742268,0.410309278,1.980317593,500,2425
MixedShapesRegularTrain,3,0.911752577,0.679037801,14.07534218,0.828041237,0.365085911,1.311272144,0.888247423,0.426666667,1.342274189,0.903505155,0.52742268,2.055211544,500,2425
MixedShapesRegularTrain,5,0.907628866,0.708618557,14.09681368,0.834639175,0.408082474,1.336462259,0.887835052,0.479505155,1.366953373,0.901030928,0.589525773,2.085616827,500,2425
MixedShapesRegularTrain,10,0.885773196,0.738103093,14.18084216,0.812371134,0.469979381,1.384966612,0.862680412,0.560082474,1.42445612,0.882474227,0.650268041,2.139032125,500,2425
MixedShapesSmallTrain,1,0.857319588,0.678350515,2.804610014,0.803298969,0.364536082,0.754596949,0.844123711,0.503092784,0.796563387,0.867628866,0.619793814,1.355534792,100,2425
MixedShapesSmallTrain,3,0.848659794,0.716151203,2.860370159,0.772783505,0.471890034,0.806820393,0.842474227,0.607285223,0.847979546,0.852371134,0.681924399,1.398347139,100,2425
MixedShapesSmallTrain,5,0.838350515,0.744824742,2.893881798,0.764536082,0.542350515,0.823592663,0.829690722,0.660453608,0.863779545,0.84,0.725525773,1.416662455,100,2425
MixedShapesSmallTrain,10,0.79628866,0.76742268,2.923619986,0.751340206,0.611876289,0.85111475,0.786804124,0.712123711,0.891258478,0.789690722,0.768948454,1.44750309,100,2425
MoteStrain,1,0.761980831,0.627795527,0.306149244,0.749201278,0.376198083,0.34179306,0.767571885,0.555910543,0.35897541,0.768370607,0.587859425,0.643052101,20,1252
MoteStrain,3,0.784345048,0.702609159,0.324495077,0.813897764,0.590521832,0.36231041,0.786741214,0.686368477,0.385957956,0.780351438,0.702342918,0.663883448,20,1252
MoteStrain,5,0.795527157,0.740415335,0.329199791,0.813099042,0.704153355,0.36894536,0.79313099,0.727795527,0.387381792,0.784345048,0.735463259,0.661509275,20,1252
MoteStrain,10,0.832268371,0.825638978,0.341180563,0.888178914,0.769329073,0.379802227,0.836261981,0.790654952,0.401084661,0.830670927,0.805910543,0.677616358,20,1252
NonInvasiveFetalECGThorax1,1,0.842748092,0.74605598,40.73424315,0.768447837,0.21475827,2.232770205,0.749109415,0.217302799,2.279543161,0.787277354,0.332824427,3.28068018,1800,1965
NonInvasiveFetalECGThorax1,3,0.838676845,0.805597964,41.03428507,0.778625954,0.327056828,2.396861076,0.757760814,0.363698049,2.433746099,0.801526718,0.478032231,3.420403719,1800,1965
NonInvasiveFetalECGThorax1,5,0.844274809,0.833994911,41.09403753,0.77913486,0.392773537,2.433936119,0.765394402,0.434300254,2.455513239,0.804580153,0.541984733,3.456014156,1800,1965
NonInvasiveFetalECGThorax1,10,0.830534351,0.866870229,41.56932735,0.760814249,0.461832061,2.481066227,0.735877863,0.529007634,2.53032589,0.790330789,0.630687023,3.532166004,1800,1965
NonInvasiveFetalECGThorax2,1,0.882442748,0.81475827,40.74347591,0.792366412,0.221374046,2.228855848,0.753689567,0.205597964,2.268823624,0.826463104,0.35826972,3.256423473,1800,1965
NonInvasiveFetalECGThorax2,3,0.875318066,0.856997455,40.80996156,0.79389313,0.326378287,2.401451349,0.76692112,0.342832909,2.450692654,0.83307888,0.497879559,3.417075396,1800,1965
NonInvasiveFetalECGThorax2,5,0.874300254,0.872569975,40.96444321,0.786259542,0.383002545,2.418903112,0.761832061,0.411603053,2.495034933,0.839185751,0.551145038,3.442921638,1800,1965
NonInvasiveFetalECGThorax2,10,0.863613232,0.899898219,41.35905719,0.770483461,0.462137405,2.499166012,0.755725191,0.516437659,2.551025867,0.827989822,0.63740458,3.50075841,1800,1965
OliveOil,1,0.866666667,0.933333333,0.010812998,0.766666667,0.4,0.008316278,0.9,0.6,0.008773565,0.833333333,0.633333333,0.031444788,30,30
OliveOil,3,0.9,1,0.011210442,0.833333333,0.511111111,0.008883476,0.866666667,0.711111111,0.009293318,0.9,0.655555556,0.015332222,30,30
OliveOil,5,0.8,0.973333333,0.011378765,0.8,0.693333333,0.009053946,0.833333333,0.793333333,0.009358168,0.866666667,0.8,0.015430927,30,30
OliveOil,10,0.7,1,0.011621237,0.8,0.85,0.00933671,0.833333333,0.91,0.009591103,0.8,0.913333333,0.015715599,30,30
OSULeaf,1,0.640495868,0.52892562,0.562724352,0.566115702,0.280991736,0.087103844,0.595041322,0.363636364,0.091351032,0.607438017,0.458677686,0.151328564,200,242
OSULeaf,3,0.628099174,0.603305785,0.573706865,0.516528926,0.395316804,0.093077183,0.607438017,0.522038567,0.097673178,0.607438017,0.573002755,0.156292677,200,242
OSULeaf,5,0.632231405,0.630578512,0.578071117,0.541322314,0.423966942,0.094877005,0.574380165,0.569421488,0.098894358,0.590909091,0.596694215,0.159167767,200,242
OSULeaf,10,0.615702479,0.630165289,0.583046198,0.545454545,0.464049587,0.09980607,0.553719008,0.589669421,0.10491848,0.566115702,0.620247934,0.163791895,200,242
PhalangesOutlinesCorrect,1,0.733100233,0.886946387,17.80766773,0.713286713,0.111888112,0.980111837,0.696969697,0.205128205,0.991235256,0.716783217,0.34032634,1.422561646,1800,858
PhalangesOutlinesCorrect,3,0.763403263,0.881118881,17.77821636,0.743589744,0.194638695,1.048704624,0.726107226,0.333333333,1.079358101,0.742424242,0.441336441,1.490888357,1800,858
PhalangesOutlinesCorrect,5,0.766899767,0.906759907,18.1718595,0.768065268,0.24965035,1.062690258,0.743589744,0.393473193,1.097068071,0.757575758,0.488344988,1.51753974,1800,858
PhalangesOutlinesCorrect,10,0.773892774,0.922843823,18.22896743,0.764568765,0.303263403,1.093827724,0.764568765,0.467249417,1.121585846,0.764568765,0.5504662,1.542093992,1800,858
Phoneme,1,0.143987342,0.303797468,4.700837851,0.115506329,0.114978903,0.69905138,0.110759494,0.18407173,0.732243538,0.11128692,0.229957806,1.207531452,214,1896
Phoneme,3,0.14978903,0.334915612,4.712436438,0.113396624,0.161392405,0.736050129,0.11814346,0.244725738,0.770206928,0.126054852,0.286568214,1.237905502,214,1896
Phoneme,5,0.158755274,0.354957806,4.778248787,0.113924051,0.168037975,0.754280567,0.134493671,0.251160338,0.794905186,0.128164557,0.307489451,1.274629593,214,1896
Phoneme,10,0.142932489,0.394936709,4.845655441,0.128164557,0.193618143,0.779235125,0.133966245,0.280168776,0.814766407,0.125527426,0.349367089,1.290482759,214,1896
PickupGestureWiimoteZ,1,0.46,0.5,0.02967453,0.36,0.28,0.014437675,0.44,0.56,0.015027523,0.5,0.54,0.026299953,50,50
PickupGestureWiimoteZ,3,0.48,0.78,0.030623198,0.38,0.48,0.015348434,0.48,0.68,0.015957594,0.52,0.766666667,0.027156353,50,50
PickupGestureWiimoteZ,5,0.46,0.736,0.031026602,0.42,0.556,0.015603065,0.38,0.732,0.016120434,0.44,0.764,0.027355671,50,50
PickupGestureWiimoteZ,10,0.4,0.772,0.031502724,0.34,0.578,0.01614213,0.42,0.74,0.016805649,0.4,0.752,0.027920961,50,50
PigAirwayPressure,1,0.144230769,0.961538462,0.250411034,0.091346154,0.533653846,0.065886259,0.129807692,0.610576923,0.069740295,0.125,0.725961538,0.117657661,104,208
PigAirwayPressure,3,0.0625,0.959935897,0.254846573,0.033653846,0.594551282,0.069741488,0.067307692,0.77724359,0.074448109,0.072115385,0.804487179,0.120397568,104,208
PigAirwayPressure,5,0.067307692,0.954807692,0.259113312,0.028846154,0.639423077,0.070915222,0.052884615,0.8,0.074284315,0.067307692,0.850961538,0.121561766,104,208
PigAirwayPressure,10,0.052884615,0.966346154,0.261338234,0.033653846,0.68125,0.074073076,0.0625,0.820192308,0.077600241,0.052884615,0.874519231,0.125118017,104,208
PigArtPressure,1,0.586538462,0.822115385,0.255502224,0.4375,0.524038462,0.065843821,0.442307692,0.447115385,0.070422888,0.557692308,0.692307692,0.118432045,104,208
PigArtPressure,3,0.451923077,0.900641026,0.25577569,0.336538462,0.631410256,0.069687843,0.346153846,0.716346154,0.073153496,0.413461538,0.8125,0.120752096,104,208
PigArtPressure,5,0.350961538,0.926923077,0.259491682,0.283653846,0.675,0.071151733,0.326923077,0.807692308,0.075064659,0.336538462,0.85,0.122298479,104,208
PigArtPressure,10,0.216346154,0.959134615,0.262679338,0.197115385,0.738461538,0.074206352,0.225961538,0.860576923,0.07828021,0.216346154,0.875,0.125538349,104,208
PigCVP,1,0.471153846,0.475961538,0.251062632,0.408653846,0.451923077,0.065638304,0.413461538,0.490384615,0.070383787,0.475961538,0.548076923,0.119005442,104,208
PigCVP,3,0.326923077,0.604166667,0.258170128,0.307692308,0.490384615,0.070166111,0.370192308,0.605769231,0.073333025,0.331730769,0.612179487,0.120755911,104,208
PigCVP,5,0.283653846,0.580769231,0.260591745,0.235576923,0.474038462,0.070883036,0.283653846,0.606730769,0.074342012,0.298076923,0.597115385,0.123305321,104,208
PigCVP,10,0.240384615,0.585096154,0.266370535,0.177884615,0.522596154,0.073884964,0.240384615,0.603365385,0.077344894,0.197115385,0.582211538,0.125290155,104,208
PLAID,1,0.720670391,0.506517691,3.349636555,0.517690875,0.210428305,0.282956839,0.525139665,0.217877095,0.294023514,0.599627561,0.357541899,0.455525875,537,537
PLAID,3,0.705772812,0.55679702,3.36746335,0.538175047,0.365611421,0.305386066,0.525139665,0.35009311,0.313887119,0.636871508,0.43823712,0.472019672,537,537
PLAID,5,0.70018622,0.584357542,3.367625237,0.538175047,0.407821229,0.310290098,0.551210428,0.413407821,0.320499182,0.659217877,0.479702048,0.476181269,537,537
PLAID,10,0.662942272,0.630912477,3.412404776,0.51396648,0.503910615,0.319563627,0.56424581,0.519366853,0.328710794,0.659217877,0.566108007,0.49177599,537,537
Plane,1,0.961904762,0.885714286,0.128712177,0.847619048,0.361904762,0.033430815,0.971428571,0.333333333,0.035012007,0.961904762,0.476190476,0.059041023,105,105
Plane,3,0.971428571,0.952380952,0.129908085,0.866666667,0.533333333,0.03573966,0.961904762,0.644444444,0.03744626,0.961904762,0.749206349,0.061879396,105,105
Plane,5,0.961904762,0.967619048,0.131647348,0.876190476,0.59047619,0.036509514,0.961904762,0.780952381,0.038331509,0.961904762,0.883809524,0.062286615,105,105
Plane,10,0.961904762,0.986666667,0.133990288,0.828571429,0.684761905,0.037878752,0.961904762,0.880952381,0.039584637,0.961904762,0.918095238,0.063678026,105,105
PowerCons,1,0.9,0.633333333,0.382611752,0.861111111,0.494444444,0.063443899,0.877777778,0.522222222,0.066567421,0.877777778,0.627777778,0.109766483,180,180
PowerCons,3,0.872222222,0.572222222,0.381781101,0.8,0.442592593,0.068094969,0.822222222,0.522222222,0.070788145,0.827777778,0.587037037,0.11476922,180,180
PowerCons,5,0.883333333,0.59,0.389639616,0.772222222,0.464444444,0.068923235,0.822222222,0.546666667,0.072065115,0.838888889,0.612222222,0.116367817,180,180
PowerCons,10,0.833333333,0.585555556,0.387695551,0.755555556,0.448333333,0.071965933,0.866666667,0.582222222,0.075267792,0.855555556,0.641111111,0.118971825,180,180
ProximalPhalanxOutlineAgeGroup,1,0.790243902,0.917073171,0.957211494,0.741463415,0.146341463,0.094122887,0.785365854,0.307317073,0.097446918,0.785365854,0.380487805,0.156193018,400,205
ProximalPhalanxOutlineAgeGroup,3,0.814634146,0.964227642,0.957490921,0.746341463,0.224390244,0.101187706,0.809756098,0.453658537,0.105199575,0.809756098,0.543089431,0.162577629,400,205
ProximalPhalanxOutlineAgeGroup,5,0.824390244,0.953170732,0.968417645,0.770731707,0.263414634,0.104043484,0.819512195,0.495609756,0.108385563,0.819512195,0.609756098,0.165211201,400,205
ProximalPhalanxOutlineAgeGroup,10,0.824390244,0.964878049,0.96945858,0.785365854,0.334146341,0.108116388,0.819512195,0.593170732,0.111967325,0.848780488,0.675121951,0.169157505,400,205
ProximalPhalanxOutlineCorrect,1,0.783505155,0.920962199,2.008976936,0.75257732,0.120274914,0.161445379,0.786941581,0.257731959,0.168458223,0.773195876,0.408934708,0.258970737,600,291
ProximalPhalanxOutlineCorrect,3,0.824742268,0.93814433,2.045014143,0.797250859,0.209621993,0.175015926,0.804123711,0.411225659,0.179388762,0.786941581,0.473081329,0.268321753,600,291
ProximalPhalanxOutlineCorrect,5,0.828178694,0.957388316,2.062385798,0.807560137,0.255670103,0.178643227,0.835051546,0.47766323,0.183773041,0.804123711,0.544329897,0.273944378,600,291
ProximalPhalanxOutlineCorrect,10,0.835051546,0.961168385,2.043498278,0.804123711,0.318900344,0.187185526,0.797250859,0.559450172,0.191438675,0.807560137,0.627835052,0.280387402,600,291
ProximalPhalanxTW,1,0.663414634,0.917073171,0.941584826,0.682926829,0.126829268,0.093329906,0.726829268,0.302439024,0.097470284,0.67804878,0.356097561,0.154526949,400,205
ProximalPhalanxTW,3,0.726829268,0.94796748,0.958870173,0.702439024,0.232520325,0.100435257,0.731707317,0.421138211,0.10445118,0.707317073,0.500813008,0.160992622,400,205
ProximalPhalanxTW,5,0.780487805,0.950243902,0.966579437,0.72195122,0.267317073,0.102068186,0.741463415,0.476097561,0.10715127,0.726829268,0.553170732,0.16409111,400,205
ProximalPhalanxTW,10,0.8,0.959512195,0.970451355,0.76097561,0.333170732,0.106285095,0.775609756,0.583414634,0.109833717,0.751219512,0.647317073,0.167423964,400,205
RefrigerationDevices,1,0.448,0.466666667,1.62873435,0.416,0.208,0.173956394,0.442666667,0.226666667,0.174052,0.472,0.304,0.27588582,375,375
RefrigerationDevices,3,0.429333333,0.506666667,1.656091928,0.458666667,0.233777778,0.179651022,0.437333333,0.351111111,0.185115576,0.405333333,0.429333333,0.289736986,375,375
RefrigerationDevices,5,0.381333333,0.527466667,1.651289701,0.434666667,0.2544,0.181865931,0.424,0.4048,0.190872192,0.405333333,0.4576,0.29016304,375,375
RefrigerationDevices,10,0.424,0.537333333,1.662097692,0.477333333,0.268,0.189552546,0.434666667,0.406933333,0.195847511,0.426666667,0.484,0.298938513,375,375
Rock,1,0.7,0.8,0.012275934,0.64,0.76,0.013739586,0.68,0.82,0.014163971,0.68,0.84,0.024011374,20,50
Rock,3,0.5,0.906666667,0.012845039,0.56,0.766666667,0.014378548,0.52,0.84,0.014928579,0.5,0.88,0.025051594,20,50
Rock,5,0.56,0.904,0.013336182,0.5,0.72,0.014690399,0.6,0.824,0.015184164,0.54,0.852,0.025172472,20,50
Rock,10,0.36,0.904,0.013695717,0.48,0.78,0.01507926,0.42,0.796,0.015610695,0.46,0.868,0.025621891,20,50
ScreenType,1,0.346666667,0.552,1.623971462,0.338666667,0.224,0.166571617,0.341333333,0.256,0.173169851,0.384,0.426666667,0.277911663,375,375
ScreenType,3,0.378666667,0.608,1.635560751,0.344,0.333333333,0.178724527,0.362666667,0.396444444,0.184621572,0.386666667,0.518222222,0.289090633,375,375
ScreenType,5,0.389333333,0.629866667,1.657455206,0.365333333,0.3808,0.182636023,0.373333333,0.466133333,0.190821886,0.378666667,0.56,0.292779684,375,375
ScreenType,10,0.370666667,0.644,1.656384468,0.365333333,0.448533333,0.189936161,0.330666667,0.542933333,0.195816755,0.354666667,0.600533333,0.29728651,375,375
SemgHandGenderCh2,1,0.9,0.015,2.097512007,0.728333333,0.025,0.244760275,0.82,0.02,0.254820585,0.87,0.018333333,0.412775278,300,600
SemgHandGenderCh2,3,0.913333333,0.038888889,2.098433733,0.756666667,0.038333333,0.261115313,0.848333333,0.047777778,0.272685528,0.888333333,0.043333333,0.431108952,300,600
SemgHandGenderCh2,5,0.905,0.061,2.126772881,0.75,0.062,0.265062809,0.826666667,0.072666667,0.279056787,0.901666667,0.068666667,0.436731815,300,600
SemgHandGenderCh2,10,0.893333333,0.100833333,2.109639406,0.743333333,0.107833333,0.274310827,0.84,0.1095,0.28850317,0.885,0.107333333,0.447973967,300,600
SemgHandMovementCh2,1,0.737777778,0.008888889,2.328552246,0.364444444,0.006666667,0.216312408,0.628888889,0.031111111,0.227655411,0.722222222,0.022222222,0.352086782,450,450
SemgHandMovementCh2,3,0.715555556,0.026666667,2.344332695,0.351111111,0.017777778,0.231570721,0.628888889,0.037777778,0.239317179,0.722222222,0.042962963,0.370298624,450,450
SemgHandMovementCh2,5,0.722222222,0.038222222,2.383150816,0.36,0.032888889,0.234479189,0.651111111,0.052444444,0.243768215,0.726666667,0.061777778,0.372246265,450,450
SemgHandMovementCh2,10,0.684444444,0.068444444,2.371422291,0.348888889,0.073555556,0.242171288,0.637777778,0.077555556,0.254115582,0.66,0.081777778,0.383098841,450,450
SemgHandSubjectCh2,1,0.848888889,0.008888889,2.354770422,0.697777778,0.008888889,0.220053196,0.788888889,0.008888889,0.226744413,0.851111111,0.006666667,0.353129864,450,450
SemgHandSubjectCh2,3,0.862222222,0.027407407,2.368985891,0.673333333,0.037037037,0.232209921,0.802222222,0.031111111,0.240048885,0.846666667,0.034814815,0.370839119,450,450
SemgHandSubjectCh2,5,0.877777778,0.040888889,2.385678768,0.68,0.058222222,0.236585855,0.797777778,0.052444444,0.24715066,0.833333333,0.050666667,0.374561787,450,450
SemgHandSubjectCh2,10,0.833333333,0.072,2.407229662,0.657777778,0.088888889,0.244393587,0.764444444,0.09,0.254780531,0.824444444,0.082666667,0.387122869,450,450
ShakeGestureWiimoteZ,1,0.74,0.48,0.02930975,0.6,0.4,0.014433861,0.76,0.52,0.015057087,0.78,0.46,0.026073694,50,50
ShakeGestureWiimoteZ,3,0.68,0.54,0.030137777,0.64,0.546666667,0.01540041,0.7,0.58,0.015877008,0.72,0.573333333,0.027066708,50,50
ShakeGestureWiimoteZ,5,0.74,0.512,0.033853769,0.68,0.528,0.015668631,0.7,0.52,0.01617384,0.8,0.544,0.027300596,50,50
ShakeGestureWiimoteZ,10,0.6,0.518,0.031250477,0.66,0.548,0.016119719,0.7,0.502,0.016802073,0.6,0.524,0.028058767,50,50
ShapeletSim,1,0.566666667,0.116666667,0.044263363,0.5,0.038888889,0.049661636,0.527777778,0.094444444,0.05211544,0.566666667,0.1,0.091588736,20,180
ShapeletSim,3,0.544444444,0.237037037,0.046077967,0.494444444,0.124074074,0.05161643,0.544444444,0.22037037,0.054907322,0.544444444,0.214814815,0.094868898,20,180
ShapeletSim,5,0.511111111,0.324444444,0.047414541,0.616666667,0.265555556,0.052733898,0.522222222,0.367777778,0.056126118,0.527777778,0.324444444,0.096098661,20,180
ShapeletSim,10,0.5,0.558888889,0.048787594,0.55,0.553333333,0.054287434,0.5,0.553888889,0.057463408,0.5,0.557222222,0.097611189,20,180
ShapesAll,1,0.816666667,0.703333333,4.172720194,0.693333333,0.301666667,0.334879398,0.645,0.285,0.343928099,0.783333333,0.416666667,0.53199029,600,600
ShapesAll,3,0.763333333,0.737222222,4.210530043,0.658333333,0.442777778,0.360300779,0.655,0.425,0.368776798,0.74,0.56,0.556023121,600,600
ShapesAll,5,0.736666667,0.749,4.177791834,0.631666667,0.503,0.36618042,0.641666667,0.492333333,0.378314495,0.715,0.632,0.564775467,600,600
ShapesAll,10,0.705,0.751333333,4.222516537,0.596666667,0.578166667,0.381477356,0.628333333,0.624333333,0.395128489,0.675,0.717333333,0.573378086,600,600
SmallKitchenAppliances,1,0.605333333,0.16,1.630698204,0.474666667,0.04,0.167058468,0.501333333,0.042666667,0.175945282,0.533333333,0.085333333,0.277799606,375,375
SmallKitchenAppliances,3,0.6,0.227555556,1.624007463,0.458666667,0.103111111,0.17694521,0.530666667,0.124444444,0.182634115,0.541333333,0.16,0.287106514,375,375
SmallKitchenAppliances,5,0.642666667,0.229866667,1.630368948,0.488,0.1168,0.178404331,0.536,0.1472,0.186160564,0.552,0.1824,0.29203248,375,375
SmallKitchenAppliances,10,0.658666667,0.2456,1.651279449,0.528,0.163466667,0.183995485,0.578666667,0.1832,0.191461325,0.584,0.207733333,0.296564341,375,375
SmoothSubspace,1,0.753333333,0.42,0.264634848,0.693333333,0.306666667,0.050140381,0.726666667,0.32,0.053435087,0.746666667,0.426666667,0.088615179,150,150
SmoothSubspace,3,0.82,0.437777778,0.265257359,0.666666667,0.306666667,0.054184914,0.753333333,0.391111111,0.056671858,0.793333333,0.466666667,0.091585398,150,150
SmoothSubspace,5,0.8,0.470666667,0.267208338,0.68,0.330666667,0.054849386,0.793333333,0.429333333,0.057657242,0.82,0.510666667,0.092869759,150,150
SmoothSubspace,10,0.72,0.496,0.268442154,0.64,0.398,0.057110786,0.78,0.500666667,0.059514523,0.806666667,0.546,0.095773458,150,150
SonyAIBORobotSurface1,1,0.846921797,0.735440932,0.146172047,0.895174709,0.505823627,0.163179398,0.830282862,0.688851913,0.174115419,0.826955075,0.722129784,0.304490566,20,601
SonyAIBORobotSurface1,3,0.762063228,0.761508597,0.152683258,0.826955075,0.521907931,0.172433376,0.725457571,0.683860233,0.183230639,0.698835275,0.765945646,0.312910318,20,601
SonyAIBORobotSurface1,5,0.713810316,0.782695507,0.156325579,0.688851913,0.548419301,0.177196503,0.627287854,0.690183028,0.186693907,0.594009983,0.787687188,0.317595959,20,601
SonyAIBORobotSurface1,10,0.643926789,0.83344426,0.160654783,0.557404326,0.728785358,0.179428339,0.53078203,0.779201331,0.191707611,0.454242928,0.821630616,0.324695349,20,601
SonyAIBORobotSurface2,1,0.924449108,0.624344176,0.308257818,0.871983211,0.456453305,0.263825655,0.920251836,0.610703043,0.278203964,0.943336831,0.633788038,0.494127512,27,953
SonyAIBORobotSurface2,3,0.81636936,0.583420776,0.322957277,0.77019937,0.475690801,0.278832674,0.847848898,0.553340329,0.294056177,0.836306401,0.584120322,0.509882927,27,953
SonyAIBORobotSurface2,5,0.804826863,0.584470094,0.328686476,0.817418678,0.481427072,0.283933163,0.832109129,0.549213012,0.297821999,0.824763903,0.592654774,0.508713484,27,953
SonyAIBORobotSurface2,10,0.784889822,0.644596013,0.335235596,0.786988458,0.608604407,0.293934822,0.795383001,0.598321091,0.30914402,0.796432319,0.61112277,0.515123606,27,953
StarLightCurves,1,0.908693541,0.640480816,97.05774498,0.894244779,0.187469645,6.200997591,0.904443905,0.185041282,6.411639452,0.894123361,0.310223409,18.39006567,1000,8236
StarLightCurves,3,0.912943176,0.729318439,96.59592867,0.903229723,0.299133884,6.614832163,0.911486158,0.304759592,10.73397827,0.910271977,0.448437753,27.7103951,1000,8236
StarLightCurves,5,0.913914522,0.771685284,96.08503485,0.902986887,0.36056338,6.708195686,0.908450704,0.370762506,23.02933884,0.912214667,0.509616319,15.91994286,1000,8236
StarLightCurves,10,0.904808159,0.817229237,96.46165013,0.898980087,0.442642059,6.897957087,0.899222924,0.468176299,30.36950731,0.900315687,0.596381739,15.28452587,1000,8236
Strawberry,1,0.932432432,0.981081081,2.64199543,0.902702703,0.345945946,0.207647562,0.913513514,0.372972973,0.215898514,0.940540541,0.489189189,0.332884312,613,370
Strawberry,3,0.913513514,0.98018018,2.676786184,0.875675676,0.348648649,0.223889828,0.889189189,0.478378378,0.743956804,0.932432432,0.56036036,0.885384321,613,370
Strawberry,5,0.916216216,0.978918919,2.707340717,0.891891892,0.364864865,0.229361057,0.891891892,0.52,1.479162216,0.921621622,0.591891892,1.259568453,613,370
Strawberry,10,0.891891892,0.988108108,2.703483343,0.872972973,0.406216216,0.236903191,0.886486486,0.594324324,0.260676384,0.905405405,0.654324324,0.796076775,613,370
SwedishLeaf,1,0.8624,0.728,3.637373686,0.7472,0.2768,0.316988468,0.7952,0.3056,0.328908682,0.8464,0.4144,0.513097525,500,625
SwedishLeaf,3,0.8448,0.7728,3.646542549,0.7152,0.386133333,0.338322163,0.8016,0.410133333,0.351688385,0.8272,0.5056,0.532476664,500,625
SwedishLeaf,5,0.8432,0.78656,3.664180517,0.7232,0.41088,0.342510462,0.7872,0.46912,0.367852688,0.8096,0.56768,0.584984064,500,625
SwedishLeaf,10,0.8304,0.79488,3.705135345,0.6704,0.476,0.354840994,0.7616,0.54544,0.36984086,0.7952,0.62272,0.568151474,500,625
Symbols,1,0.910552764,0.884422111,0.297686577,0.781909548,0.509547739,0.272387505,0.905527638,0.805025126,0.291571379,0.908542714,0.832160804,0.596747398,25,995
Symbols,3,0.893467337,0.979229481,0.312625408,0.767839196,0.69681742,0.2876122,0.883417085,0.911557789,0.309461594,0.891457286,0.932998325,2.115539551,25,995
Symbols,5,0.874371859,0.971256281,0.318645716,0.67638191,0.631155779,0.294632673,0.859296482,0.922211055,0.31340313,0.846231156,0.914974874,0.532216311,25,995
Symbols,10,0.35879397,0.986532663,0.328731298,0.337688442,0.672160804,0.304209948,0.351758794,0.895276382,0.328658819,0.232160804,0.82040201,0.540603876,25,995
SyntheticControl,1,0.993333333,0.24,1.048883438,0.976666667,0.113333333,0.123383522,0.983333333,0.143333333,0.129419327,0.983333333,0.213333333,0.224803209,300,300
SyntheticControl,3,0.993333333,0.384444444,1.053356409,0.973333333,0.265555556,0.131273031,0.986666667,0.295555556,0.136542082,0.986666667,0.36,0.253287554,300,300
SyntheticControl,5,0.99,0.464666667,1.065388918,0.97,0.344,0.132679939,0.99,0.390666667,0.150057554,0.986666667,0.446666667,1.199002743,300,300
SyntheticControl,10,0.983333333,0.576,1.078399658,0.966666667,0.438,0.138696909,0.983333333,0.525333333,0.521178007,0.983333333,0.57,1.199036121,300,300
ToeSegmentation1,1,0.837719298,0.552631579,0.108349085,0.828947368,0.460526316,0.064627409,0.828947368,0.622807018,0.068912983,0.837719298,0.618421053,0.118360281,40,228
ToeSegmentation1,3,0.780701754,0.671052632,0.111200809,0.807017544,0.593567251,0.068612099,0.76754386,0.692982456,0.072973251,0.815789474,0.706140351,0.123093128,40,228
ToeSegmentation1,5,0.76754386,0.695614035,0.113447666,0.811403509,0.628070175,0.069453955,0.754385965,0.722807018,0.074412346,0.763157895,0.734210526,0.415455103,40,228
ToeSegmentation1,10,0.622807018,0.738157895,0.1159482,0.75877193,0.653070175,0.072592497,0.631578947,0.703508772,0.076972961,0.627192982,0.753508772,0.90739131,40,228
ToeSegmentation2,1,0.907692308,0.638461538,0.055781364,0.792307692,0.407692308,0.036737919,0.876923077,0.476923077,0.039002419,0.861538462,0.653846154,0.067795038,36,130
ToeSegmentation2,3,0.892307692,0.725641026,0.057480574,0.784615385,0.448717949,0.038671494,0.9,0.643589744,0.066910028,0.907692308,0.782051282,0.140376091,36,130
ToeSegmentation2,5,0.9,0.74,0.057793856,0.815384615,0.489230769,0.039577484,0.923076923,0.681538462,0.041909933,0.9,0.769230769,0.070208311,36,130
ToeSegmentation2,10,0.861538462,0.802307692,0.059788465,0.830769231,0.617692308,0.040900946,0.892307692,0.767692308,0.043371201,0.892307692,0.803076923,0.071974993,36,130
Trace,1,0.82,0.97,0.117681742,0.66,0.53,0.031502962,0.82,0.48,0.067272902,0.85,0.73,0.113563538,100,100
Trace,3,0.76,0.953333333,0.119127035,0.6,0.553333333,0.033475399,0.8,0.676666667,0.185870171,0.83,0.776666667,0.395282507,100,100
Trace,5,0.72,0.976,0.120496035,0.64,0.576,0.034161568,0.77,0.76,0.081706524,0.77,0.846,0.061348677,100,100
Trace,10,0.71,0.993,0.122324228,0.58,0.626,0.035731077,0.81,0.863,0.195089817,0.76,0.893,0.39929533,100,100
TwoLeadECG,1,0.895522388,0.959613696,0.314958096,0.986830553,0.436347673,0.31098628,0.913959614,0.776997366,0.333620071,0.914837577,0.822651449,0.588823795,23,1139
TwoLeadECG,3,0.834942932,0.963125549,0.331527948,0.946444249,0.601697395,0.329150438,0.858647937,0.804506877,0.351361752,0.853380158,0.839625402,0.600467682,23,1139
TwoLeadECG,5,0.77260755,0.973661106,0.336678743,0.867427568,0.666549605,0.333333969,0.766461809,0.836698859,0.381696701,0.791044776,0.871115013,0.610395193,23,1139
TwoLeadECG,10,0.640913082,0.989903424,0.349426031,0.814749781,0.786742757,0.345066547,0.737489025,0.89332748,0.378187418,0.714661984,0.913696225,0.615664482,23,1139
TwoPatterns,1,0.99875,0.63075,45.96879363,0.983,0.36425,2.993448257,0.99475,0.22825,3.837812901,0.99875,0.3745,5.143502951,1000,4000
TwoPatterns,3,0.9985,0.722833333,46.33489847,0.97975,0.498916667,3.203558922,0.9935,0.403083333,3.778539181,0.998,0.53975,4.719958782,1000,4000
TwoPatterns,5,0.9985,0.74925,46.75649953,0.97675,0.55515,3.254490376,0.9885,0.49225,15.99891663,0.99725,0.60795,12.93979502,1000,4000
TwoPatterns,10,0.99475,0.780675,47.29359174,0.961,0.6226,3.326295853,0.9855,0.624025,3.468310356,0.99375,0.697975,15.99810457,1000,4000
UMD,1,0.902777778,0.930555556,0.062058449,0.833333333,0.590277778,0.040728569,0.902777778,0.791666667,0.043159246,0.902777778,0.881944444,0.074361086,36,144
UMD,3,0.715277778,0.946759259,0.064257145,0.756944444,0.553240741,0.043094397,0.701388889,0.75,0.079906702,0.6875,0.828703704,0.347390413,36,144
UMD,5,0.625,0.955555556,0.065643072,0.6875,0.540277778,0.043928146,0.6875,0.808333333,0.046559095,0.659722222,0.848611111,0.575412273,36,144
UMD,10,0.534722222,0.972222222,0.066702366,0.555555556,0.739583333,0.045540094,0.541666667,0.849305556,0.077818632,0.5625,0.900694444,0.575385809,36,144
UWaveGestureLibraryAll,1,0.941094361,0.467895031,37.10651875,0.873813512,0.214684534,2.520261526,0.906197655,0.193467337,4.42082262,0.930206588,0.275265215,5.126951218,896,3582
UWaveGestureLibraryAll,3,0.945281965,0.54392332,37.42023468,0.873813512,0.330355481,2.671821117,0.906476829,0.327284571,9.664803743,0.932719151,0.425646752,14.32616115,896,3582
UWaveGestureLibraryAll,5,0.944723618,0.576437744,37.38334394,0.870184255,0.39173646,2.704953671,0.90731435,0.401340034,3.009226561,0.932998325,0.499944165,4.282862186,896,3582
UWaveGestureLibraryAll,10,0.935510888,0.611418202,37.57640648,0.857621441,0.465829146,2.805267334,0.909826912,0.51133445,11.66750669,0.930764936,0.578419877,11.31444907,896,3582
UWaveGestureLibraryX,1,0.733109994,0.570630932,37.13056517,0.667504188,0.243160246,2.512759209,0.685371301,0.218313791,8.468165398,0.716359576,0.353992183,3.880404234,896,3582
UWaveGestureLibraryX,3,0.754048018,0.638190955,37.11636281,0.689000558,0.344686395,2.669883728,0.716638749,0.334636144,2.776162386,0.738972641,0.471524288,4.766698599,896,3582
UWaveGestureLibraryX,5,0.756002233,0.664768286,37.60747814,0.689279732,0.39078727,2.714265108,0.718592965,0.402065885,3.78559804,0.742322725,0.526968174,5.528480291,896,3582
UWaveGestureLibraryX,10,0.750697934,0.699664992,37.62138224,0.692350642,0.45773311,2.798288822,0.722501396,0.496538247,3.223239899,0.745393635,0.601982133,4.201306581,896,3582
UWaveGestureLibraryY,1,0.653545505,0.656058068,37.45185685,0.593802345,0.290061418,2.544451952,0.574818537,0.251256281,8.46617794,0.626186488,0.38972641,13.07312369,896,3582
UWaveGestureLibraryY,3,0.655499721,0.699888331,37.32827044,0.593523171,0.372975991,2.695382833,0.601619207,0.370184255,10.44329882,0.639307649,0.498976363,7.644789934,896,3582
UWaveGestureLibraryY,5,0.661362367,0.722445561,38.74819303,0.611111111,0.411501954,2.774336576,0.622278057,0.441150195,4.14025116,0.652149637,0.548632049,11.94614625,896,3582
UWaveGestureLibraryY,10,0.664991625,0.747375768,37.86820388,0.609156896,0.464098269,2.802783012,0.636795087,0.522613065,10.77760553,0.653545505,0.618983808,14.15175748,896,3582
UWaveGestureLibraryZ,1,0.67001675,0.598548297,37.60539675,0.630374093,0.267169179,2.520308733,0.620882189,0.227526521,11.98268914,0.644891122,0.367392518,13.79415464,896,3582
UWaveGestureLibraryZ,3,0.676158571,0.646473106,37.44404387,0.635120045,0.367113345,2.714319944,0.641820212,0.353526894,11.93096828,0.652149637,0.471524288,8.132755518,896,3582
UWaveGestureLibraryZ,5,0.684254606,0.673925181,38.09168792,0.650753769,0.406811837,2.746121168,0.64852038,0.415633724,12.53903794,0.667225014,0.523338917,13.06419683,896,3582
UWaveGestureLibraryZ,10,0.691792295,0.702735902,38.0204215,0.645728643,0.46599665,2.84148097,0.652428811,0.507286432,13.68238425,0.673646008,0.588609715,14.32642245,896,3582
Wafer,1,0.99513303,0.718851395,71.59737349,0.983939001,0.231667748,4.655359268,0.993186243,0.160609994,5.620127439,0.992699546,0.341985724,18.32930136,1000,6164
Wafer,3,0.996268657,0.774010383,72.23942232,0.99091499,0.381570409,4.995633364,0.993510707,0.292991564,17.33073306,0.992699546,0.492429159,21.5128088,1000,6164
Wafer,5,0.995295263,0.801232966,72.13389778,0.985723556,0.456099935,5.029374123,0.993348475,0.37770928,17.4867444,0.994484101,0.573977936,24.65411234,1000,6164
Wafer,10,0.992212849,0.841791045,72.74620605,0.98247891,0.578569111,5.142428637,0.992375081,0.524253731,24.25353122,0.991888384,0.681700195,24.46620011,1000,6164
Wine,1,0.62962963,1,0.036074877,0.703703704,0.148148148,0.015837908,0.722222222,0.296296296,0.016389608,0.518518519,0.277777778,0.028509855,57,54
Wine,3,0.648148148,1,0.036914825,0.592592593,0.302469136,0.016785622,0.722222222,0.62345679,0.017496347,0.574074074,0.530864198,0.029910564,57,54
Wine,5,0.555555556,0.996296296,0.038125992,0.722222222,0.348148148,0.017194271,0.740740741,0.611111111,0.017860889,0.592592593,0.581481481,0.029886484,57,54
Wine,10,0.611111111,1,0.038861036,0.759259259,0.472222222,0.017805576,0.833333333,0.662962963,0.018555641,0.648148148,0.727777778,0.030507088,57,54
WordSynonyms,1,0.634796238,0.62539185,1.963145256,0.568965517,0.319749216,0.25119853,0.586206897,0.390282132,0.273296118,0.628526646,0.482758621,0.436317921,267,638
WordSynonyms,3,0.615987461,0.677115987,2.006967306,0.534482759,0.453500522,0.267196894,0.601880878,0.532915361,0.281246185,0.614420063,0.63584117,0.447831869,267,638
WordSynonyms,5,0.603448276,0.692789969,2.009442329,0.515673981,0.478056426,0.273641825,0.60031348,0.590282132,0.28718257,0.60815047,0.668652038,0.450053453,267,638
WordSynonyms,10,0.573667712,0.692789969,1.997658968,0.507836991,0.494043887,0.286288977,0.543887147,0.619749216,0.299540281,0.581504702,0.686363636,0.464266539,267,638
Worms,1,0.571428571,0.480519481,0.162752151,0.584415584,0.272727273,0.027230501,0.519480519,0.363636364,0.155368567,0.623376623,0.415584416,0.307116508,181,77
Worms,3,0.584415584,0.454545455,0.164923668,0.493506494,0.246753247,0.02888751,0.467532468,0.367965368,0.032357454,0.584415584,0.428571429,0.07430315,181,77
Worms,5,0.623376623,0.509090909,0.16490531,0.519480519,0.288311688,0.02953577,0.584415584,0.415584416,0.06299448,0.623376623,0.485714286,0.050026894,181,77
Worms,10,0.662337662,0.551948052,0.166193247,0.519480519,0.332467532,0.030735493,0.623376623,0.511688312,0.032697678,0.597402597,0.524675325,0.051816463,181,77
WormsTwoClass,1,0.545454545,0.402597403,0.162233114,0.662337662,0.272727273,0.027086973,0.636363636,0.337662338,0.029130697,0.623376623,0.363636364,0.04812026,181,77
WormsTwoClass,3,0.584415584,0.41991342,0.163896799,0.61038961,0.272727273,0.02892971,0.636363636,0.380952381,0.030566216,0.597402597,0.376623377,0.049493313,181,77
WormsTwoClass,5,0.61038961,0.436363636,0.164871454,0.675324675,0.303896104,0.0294559,0.662337662,0.405194805,0.031191349,0.584415584,0.436363636,0.050346851,181,77
WormsTwoClass,10,0.597402597,0.450649351,0.165539026,0.688311688,0.337662338,0.030724525,0.675324675,0.414285714,0.032920361,0.623376623,0.446753247,0.051763296,181,77
Yoga,1,0.831,0.827333333,10.48300147,0.789666667,0.369333333,1.229487896,0.764333333,0.358,1.305332184,0.804666667,0.503666667,2.362590075,300,3000
Yoga,3,0.803666667,0.862222222,10.54441953,0.753666667,0.497,1.307996988,0.75,0.466666667,2.115471363,0.775,0.621,3.039499044,300,3000
Yoga,5,0.773333333,0.8934,10.6562295,0.699666667,0.556066667,1.333025932,0.721,0.541933333,4.28289175,0.761666667,0.693066667,11.9989934,300,3000
Yoga,10,0.750333333,0.924,10.64901352,0.628333333,0.638766667,1.382068634,0.685,0.686466667,1.670309067,0.727666667,0.794666667,11.33925152,300,3000
