3.616749943883394991e+00,4.952082463325319650e-01,-4.411299159708173434e+00,8.533919015774793504e-01,1.036595055986003322e+00,1.574108291109356683e+00,-1.745312967017502714e+00,-1.273112421735271838e+00,-5.873169199870801327e-01,6.980994314319982630e-01,-2.672609176466075542e+00,1.910409765046190200e+00,9.994982729773914665e-01,-1.223910956079706236e-01,-1.657067892279404475e+01,-2.666938631673816396e-01,-4.384196624751852678e-01,2.985536774082258038e+00,-1.745658850827454422e+00,1.582287143465683776e+00
1.751316418194890145e+00,-1.002439281077641020e+00,6.224489037951218329e+00,-3.851859198430588549e+00,4.014620834070409816e-01,9.216708675734074374e-01,7.276557236053891875e-02,-6.250829304672405051e-01,4.174126167914731789e-01,-3.322043892547522859e+00,-6.380739864206028678e+00,8.337836932381872401e-01,1.600481016654897282e+00,-1.804124310106974827e+00,9.241362419878930368e+00,-2.070450754853838227e+00,6.887851180848031385e-01,5.844129313782845614e+00,3.130169366480425541e+00,-2.232503173490263393e+00
-6.595236787816939339e-01,-1.405099530361403060e-01,2.901990266310759292e+00,-2.879734397084579012e-01,-5.919988328499825592e-02,-2.470847328913309826e-01,2.668948271195031308e-01,1.637150787324213486e+00,7.043071097123198947e-03,2.512742894029142526e+00,-1.212628143304802064e+00,-5.406724505543900605e-01,-5.610817848879045000e-01,5.773552242699298009e-01,6.670154302714562000e+00,-1.173955671603547302e+00,1.075055545378321042e+00,1.988442942720812123e+00,2.011686481815648797e+00,1.444922269786567126e+00
-6.659151281132723810e+00,1.581050271281402519e+00,3.624419880426902107e+00,-1.473566308635609001e+00,-6.248995674366921715e-01,-2.784026074692254049e+00,4.713061846349531070e-01,6.390188187587174662e-01,-6.792569198793080298e-01,-2.999427287641860396e-01,3.466510778209350274e+00,4.708607997294551040e-01,4.552795181081693010e-01,-7.720436783456681162e-01,1.744602800935410158e+01,-7.021940842392596638e-01,8.801935555070408146e-01,-3.653365876088265463e+00,-3.527682008538294056e+00,-8.275005891727986729e-01
6.482738602928834748e-01,-1.234921946332899756e+00,-1.026595711334172822e+00,1.590588504465140662e+00,1.772344541476828850e+00,5.800147570802546282e-01,1.381162689989641201e+00,1.280573898939470823e+00,-1.345833251898292726e+00,-3.824563497798261213e-01,-6.925965269188836260e-01,-1.224299056847868217e+00,-4.771124959159893097e-01,2.347684492958798663e-01,-2.686741843205302072e+00,-2.761740319114299735e-01,9.122179169126189979e-01,2.042136675929261624e+00,1.538273912385459630e+00,1.573137722653246806e+00
-4.154531243946844477e+00,7.558690100063641948e-01,-5.059339977530332710e-01,-9.140122927464476854e-01,6.510206931111346684e-02,-1.473229155039638805e+00,4.938345436887817130e-01,-6.273976911838550219e-01,5.438729812913194461e-01,4.036657065135933919e+00,5.611132141690473141e+00,-1.545990865573718398e-01,-5.655818361657349858e-01,1.642467740984855373e+00,6.347107468513939921e+00,1.109846658100815397e-01,-1.016970667482565149e+00,-4.938662396152017742e+00,-1.555363498829942515e-02,1.362302032497790361e+00
-1.001690696684227966e+01,9.142556619360890924e-01,1.822878233547517546e+00,-1.177415811266987244e+00,1.893013516323956980e-01,-5.035632401297733374e+00,1.090191629227529324e+00,1.410661554990953193e-01,1.732102929866623287e+00,1.349704672596959032e+00,7.568374959819471393e+00,-2.495067664411441677e-01,4.903068343233240034e-01,4.873553410972124578e-01,2.040568143858179084e+01,-1.576690452233082684e+00,-7.321996994235445422e-02,-7.372578087185394757e+00,-1.009172204874437373e+00,7.795936388680161366e-01
3.232141035963171483e+00,5.265150966772879082e-01,-3.116598591225713033e+00,9.764744366263412578e-01,1.819597216199237755e+00,1.598094338318213126e+00,-8.448770996217331852e-01,-6.689046976879801099e-01,4.449495081156606968e-01,2.028827527269271069e+00,-6.384801178452996773e+00,1.699346901563179857e-01,-5.053462984612133724e-01,1.019657397649617603e-01,-9.718340753364309137e+00,6.882760623746337902e-01,1.979094430764362311e+00,5.656595843162476989e+00,-6.001103947750311418e-01,4.553291894210407253e-01
1.521472767196863973e+00,-1.646226078413509430e+00,-1.554258976850345420e+00,-2.616059162337615041e-01,6.087191494112704770e-01,1.276932503579314648e+00,1.198735429018565002e+00,-8.124847757955476757e-01,1.161738118918451024e+00,9.545853585869890079e-01,-1.261814873321416730e+00,1.434332313838154183e-01,8.883309812323895160e-01,-5.327968929976920620e-01,-5.789401776994301585e+00,2.098473390377642023e-01,-2.405248756299905033e-01,7.599094025090971094e-01,6.739707160509860184e-01,-3.633258499424996679e-01
4.609477018422980521e+00,-5.968034593119070363e-01,-2.843464119108668697e+00,4.130378006708793626e-01,-5.438651228448602160e-01,2.355680392458850303e+00,-6.521807647406084874e-01,-1.020688332647661456e+00,-2.173288000908280893e+00,1.593934216277501426e+00,-3.372262966719113741e+00,8.299914592706941763e-01,-2.068037371528317347e+00,-1.065579383810360881e+00,-1.326504221162173458e+01,-7.317627557250954151e-01,3.713694069391160757e-01,4.517870765988448056e+00,2.199450468746157128e+00,1.992863096288269853e-01
-2.786113855045785570e+00,3.649777970175386438e-02,5.050594610187711275e+00,-2.416527539785715994e+00,-1.307746838650237109e+00,-1.256484098411650319e+00,7.941418627076967107e-01,-6.722720539057713829e-01,1.164563600225014817e-01,-2.690773221447599894e+00,2.210667092564791325e+00,-3.745421193559578255e-01,8.000324886790136647e-01,-1.170695865202808550e+00,1.151313761372278677e+01,-1.890107389238427693e+00,-2.659186965519171331e+00,-9.882928115823390591e-01,1.606524830299328244e+00,-1.459426620453234236e+00
5.232853675149323536e+00,4.407836818074885588e-01,-5.602268834776729989e+00,3.853163120764627081e+00,-1.572936711450879432e+00,2.491387914146652172e+00,-2.547451547111232451e+00,-8.488228411170138932e-01,7.350378660915384277e-01,2.563133662604928364e+00,1.175287084239990953e-01,-3.442542140319722610e-01,7.596779743607551261e-01,7.745374287743583830e-01,-1.826596270323447513e+01,1.629781263507606770e+00,-4.786882479921376610e-01,8.984474268060300695e-01,-8.054190029182981547e-01,3.930280662897470911e+00
1.348201335430543324e+01,-7.161359948039383028e-01,-1.058003507529127640e+00,2.724225331416165297e+00,-2.123566962321098650e+00,7.234198711890532429e+00,-3.780646364971378848e+00,1.846887946023008320e+00,-5.479791373419563572e-01,2.561690822316513128e+00,-1.054627038459508803e+01,-1.207123613791348582e+00,-2.136554738685829680e+00,-5.605363612721447203e-02,-2.296356998663317484e+01,3.213743469161736588e+00,1.100486770140219894e+00,1.005470882461499649e+01,1.772662573380642037e+00,4.845791250945776341e+00
2.974051214941855648e+00,-4.232534379005332137e-01,1.231352291834675761e+00,5.756861787792200147e-01,-2.731957642530110086e-01,1.580521511373001342e+00,2.862112358012731117e-01,8.063065726264200261e-01,1.623277359668599207e+00,2.377684475460565938e+00,-2.844736698432823729e+00,-1.579150148496970107e+00,1.837249136355437185e-01,1.038157792902678622e+00,-2.427092811667382666e+00,4.175486302536303707e-01,8.143908189325057556e-01,3.293494503661084760e+00,1.933908638376659717e+00,2.922889016721335054e+00
-5.080315777748116268e+00,1.500340764033847751e+00,4.533798380694738839e+00,-2.735630821137806201e+00,2.189804284024297332e-01,-2.909554338256536976e+00,3.253205861672557875e-01,2.365598599854327189e-01,1.617944862716489685e-01,3.424310278803670116e+00,2.042849853270626959e+00,-1.260399965852778137e-01,-8.843443325593361992e-01,1.699203136236531630e+00,1.309799405110954318e+01,-2.751884591201924302e+00,5.800444757869223089e-01,-2.779898149462419532e+00,-3.219150422324837280e+00,-4.885510853943237919e+00
1.550209474792467956e+00,2.381037126174299634e-01,-2.154601489859129693e+00,2.031855448886271009e+00,1.453622454561085853e+00,1.166171257131516592e+00,-1.018558991562040328e+00,1.925309624778794637e+00,8.783859069181483292e-01,4.048117107486543631e+00,-7.440878386730402916e-01,1.702863327587917641e-01,-1.288426928271861227e+00,9.501621610647342786e-01,-6.450507641072595888e+00,1.730819935770855800e+00,5.569026266615678677e-01,-6.580884006773378703e-01,-1.489835017359271152e+00,-6.721900508665477059e-01
-2.097053660720822332e+00,-2.847446138763727319e-01,-3.339058623059057318e+00,1.348546888872788063e+00,-1.436601823712529091e+00,-1.608946835343026294e+00,4.665727955759443185e-02,4.321816969912667394e-01,2.445008287489783605e+00,-1.097694531573687460e+00,7.372675647155340073e+00,-1.439199528640622505e+00,7.535461509230982902e-01,3.892103890746679840e-01,-1.311514457599772365e+00,1.310272912145569624e+00,1.140029954636079257e+00,-5.548405881677341611e+00,-5.162558550562283965e-01,9.048857436546535737e-01
-8.604726245794034334e-01,3.296984573045769751e-01,5.413344558930822892e+00,-3.289113170226356964e+00,1.215561197124117809e+00,-7.650934622364138349e-01,5.867668904186134071e-01,-1.906177437244750139e-01,4.202413914812296730e-02,-7.441104037071979427e-01,-3.605603954341849438e+00,-1.410729931767403356e+00,9.909396583870455633e-01,-3.600600975230697776e-01,1.214480445594313096e+01,-1.146637576828554828e+00,-3.335246017259848039e-01,2.550738540880734817e+00,-3.846211531498332503e-01,-1.697520900843978664e+00
7.598381357070620012e+00,-1.821592421730689138e+00,1.284481335102911626e-01,1.126067248115001806e+00,-6.388226302344376939e-02,4.727512254496328836e+00,-9.608395167971790496e-01,5.466861193506209471e-01,1.271974369090548951e+00,-1.243862040376979561e-01,-9.019231293477744771e+00,-1.007359321389325713e+00,4.174379841422590776e-01,1.126839266226068670e+00,-1.109623859791327583e+01,4.934666712177042114e-01,-6.409895270596488448e-02,9.626203610582953374e+00,2.136511531742669945e+00,1.570474269425043534e+00
-5.403438178933107849e+00,5.247054101327487396e-01,-1.861292401809471198e-01,1.871079927877150162e+00,1.701817839197141025e+00,-2.861454967143134631e+00,-4.020489183692201041e-02,1.232351952686879581e+00,2.252935116142646202e-02,-5.921643484438690042e-01,5.169185837578938347e+00,1.105294118806740000e+00,8.068738190986803893e-01,1.373064661162382571e-01,8.692721117076613879e+00,8.717379589590378286e-01,-4.740607882475810775e-01,-5.681532139772878409e+00,-2.083038078126587145e+00,2.696368740201447789e+00
-2.627861928287073212e+00,1.016045610741318272e+00,2.726339493709550865e+00,3.254375002217577695e-01,1.553105308735178047e+00,9.114671305599902906e-02,-1.277388217650714308e+00,1.948194945810218126e+00,-3.649989782790578619e-01,5.187326941995867857e-01,1.764473687418173231e+00,2.440334905120369768e+00,-8.459997908371456043e-01,-4.505967528743515249e-01,1.045283708563975722e+01,1.322074823403481147e+00,-8.697598698404377382e-01,-2.377566996641152564e+00,-1.477334650303641972e+00,7.584893059784357794e-01
-1.189478203511064924e+00,-2.567055799257164650e-01,-2.243791454865999846e+00,1.423593512556908802e+00,-1.748164883420429416e-01,-8.137147282901313616e-01,2.068462994500412933e-01,3.043125159047344735e-02,1.283985504976436376e+00,4.122015459401250359e-01,2.291338867928855105e+00,-9.964540857238147753e-01,2.119292547470771892e-01,-3.154817736428043584e-02,-1.264278591230900473e+00,9.678749696429822524e-01,1.130522359603688187e+00,-2.505481837862838290e+00,4.885640359621895579e-02,9.126463529128803209e-02
-3.488812468755942975e-01,1.727314160466111581e-01,-3.231161328583896264e+00,1.365018435281827980e+00,-3.457338475475365547e-01,-2.368031771284645481e-01,-6.268182281828318381e-01,-1.585614186013077687e+00,8.607444284414574043e-02,-4.476061842306753746e+00,-4.758223718655618661e-01,-1.155798303682804340e+00,7.405408119462929539e-01,-2.183242154536380930e+00,-6.304879734213568732e+00,-7.723906652331136158e-03,1.108052661058180677e+00,-8.092634599780423876e-01,-5.658508530950321358e-01,1.260171044594365464e+00
-4.927068861760180774e+00,3.819436894988370024e-01,3.342839147631292196e+00,-1.137613353515648962e+00,-3.080628140256964076e-01,-2.864174912341969748e+00,1.048364515710725309e+00,2.848601438974618927e-01,1.319317979958406273e+00,-1.186127081028034214e+00,4.881671643211613620e+00,-1.812080946419251937e-01,1.208159950337320376e+00,-1.049846961098174630e-01,1.369946028811378191e+01,-2.103875790155151915e-02,-5.815661476899214311e-01,-5.774716387821221986e+00,-1.389804879259412651e+00,-3.196459874051840178e-01
-8.298806398191227451e-02,1.045414667890993465e+00,-2.412158882180236663e+00,4.039451697385583184e-01,1.055109201036225519e+00,-8.493937628522418848e-02,-9.532694241128540913e-01,-1.174835386854732544e+00,-5.784932310942572098e-01,2.212358737154994426e+00,-1.542708954178067637e+00,6.614895564018963281e-01,1.532626076737426679e+00,1.528915633469800417e+00,-2.822574844212440759e+00,1.106917171612657125e+00,7.344301236104430197e-01,9.959897280519247609e-02,-5.951225798777959319e-01,4.654767495220059059e-01
-4.722589084873242804e+00,8.604638717270272075e-01,6.666695960388231423e-01,5.919704036077463316e-01,-2.578986768039699395e-01,-2.130532019212383776e+00,-4.426255081911607547e-01,7.588375958418376310e-01,-1.738048306718012359e+00,-1.582872423549278817e+00,4.621064421547747436e+00,3.572438804832355208e-01,-2.665065912770851475e-01,-2.975352365111187392e-01,9.159049272905177119e+00,-4.642966608099508563e-01,-2.346877610393565405e-01,-4.634245995870003298e+00,-2.336223481087325027e-01,8.113751792760881543e-01
2.822218908700391271e-01,-2.008409276102552099e-01,-6.248827076513080669e+00,2.652005132190716541e+00,6.772917775997345791e-01,-3.535756762667749964e-01,8.377443037071802268e-01,-5.287727272553122138e-01,9.056012686608712059e-01,2.469644255244896058e-01,3.976715867029772866e+00,1.030963061310241069e-01,5.162730615126110978e-01,-4.413311635931895793e-01,-1.191914384418141104e+01,6.317971128006412140e-01,-1.699055932570383565e+00,-3.526320408585851940e+00,3.058974565062423379e-01,3.223323464677825267e-01
1.355779944090090794e+01,-2.142294562655291834e+00,-2.527433383823463053e+00,1.105648342542707496e+00,9.470662928708195594e-01,7.462281661634202479e+00,-1.304475027215860727e+00,2.679199758734030490e-01,-6.421110730491834673e-01,3.126784100869215433e-01,-9.659979785350660819e+00,9.444606587902389938e-01,1.072241066387026542e+00,1.328570738757091529e+00,-2.974043553750990299e+01,6.907033233388346627e-01,-1.138462723810247379e+00,1.097454527017146297e+01,3.715751662474328310e+00,1.626559806476294279e+00
3.016052853812226875e+00,-1.108065492567481547e+00,2.294838621906646114e+00,2.806672813785155984e-01,-9.324839688850442565e-01,1.379925861400371101e+00,2.528781075348062179e-01,9.971953424869981486e-01,9.907056517396112261e-01,-1.138093015846058265e+00,-3.865648007942303899e+00,3.388054987894004721e+00,-1.503763351663566783e-01,-2.173331236542951628e-01,-5.971611047462067612e-01,-9.136365075175605366e-01,-1.497079106185146280e-01,5.189826936768981547e+00,2.301853452451215531e+00,8.393811689583139390e-01
-3.957470880029541505e+00,4.983230335439011727e-01,5.432881146982391662e+00,-1.553148293047970530e+00,-1.958908409391122152e-01,-2.733553055814930577e+00,1.306832505215585138e+00,5.386084981680887562e-01,-2.668560955091752174e-01,1.073072552324382256e-01,6.022933416120237027e+00,1.461896576736773756e+00,5.790955238560134832e-01,-2.911063445299993391e-01,1.514753028938639368e+01,-1.127139300752197260e+00,-9.962595197014170179e-01,-6.152875052681714863e+00,-1.003470957216590076e+00,-7.818741851966768408e-01
-6.040199336917440043e-02,1.389651113262947713e-01,-1.318359999605239752e-01,8.478578068473205942e-01,2.682692770363531709e-01,6.184615989377425516e-01,-8.515912680220797393e-01,6.688966015626447437e-01,1.847829330238193624e+00,6.191948053964118071e-01,-1.815617587469093186e+00,1.198049922347521390e+00,-1.805325939641762301e-01,-5.920536199500678678e-03,3.803228592503566374e-01,1.165641339328044035e-01,-1.728563178672767042e-01,7.015362007821034362e-01,-1.326530555955803603e+00,7.733106138580381206e-01
-4.770893489635299467e+00,1.734115805733451865e-01,-5.155811965329373692e+00,5.558535066370074995e-01,1.884732657062746286e+00,-3.000846508255897938e+00,7.810994666481546611e-01,-1.631559233284460397e+00,-1.814416647649252479e+00,1.017234868152975480e+00,5.171625313887449948e+00,-4.135006101404433143e-01,-2.996249329404718775e-01,5.007703158604035476e-01,-2.041041138075002870e+00,7.210914421373278982e-01,6.424833892611560016e-01,-7.176564123997185796e+00,-1.277070182104931728e+00,4.135784430433303571e-01
-4.237813940302153526e+00,1.277545540441684002e+00,-8.233721726096334681e-01,5.496447910611984566e-01,-7.972243513909382795e-02,-2.044345644605127355e+00,-8.548018232758061163e-01,5.304245336749261464e-01,-1.703656305730636644e+00,6.730228305668065625e-01,3.585214878218475842e+00,9.075924192719417860e-01,-1.174189550674322513e+00,-4.275194887321344672e-01,6.138615300377271211e+00,8.373091384988637920e-01,6.534198419259275026e-01,-4.926798247148396648e+00,-2.723364992278599850e+00,-2.206133902549868964e+00
-4.040034328942606834e+00,1.580819590118526907e+00,3.575063967437321910e+00,-1.570977243334165330e+00,7.268445532570161349e-01,-2.743848752726949503e+00,6.089081966450416994e-01,3.892537309350594388e-01,-7.096278504658642960e-01,4.420288617958327282e-01,2.406017113812304320e+00,-6.102599069555328382e-02,1.739669132263841345e+00,8.405171806786692068e-01,1.583564478319414093e+01,-1.282148426667826246e+00,3.463338231226812391e-01,-2.612011131309949885e+00,-2.575474280772180435e+00,-1.294684165488873440e+00
-7.043520221256055258e+00,9.692535612253473376e-01,2.892510603757475263e+00,-1.710262883884053897e-01,5.670112894728608355e-01,-3.444101100090745327e+00,1.405406271104484572e-01,1.411749440454183047e+00,1.088633861163647021e+00,-2.041034284960370204e+00,7.266895694297217823e+00,1.058194149774614790e+00,-9.843206365832234406e-01,-1.538149591436732466e+00,1.790776040673118530e+01,-2.850855889903809726e-02,-4.477205223738119355e-01,-6.705308154488342609e+00,-9.062115723180549365e-01,1.123132477440952126e+00
4.957894694286366644e+00,-8.586378814188595499e-01,1.062544190946691947e+00,-1.359184317871361625e+00,-2.493951019685219705e+00,3.612209695997381065e+00,-9.606194380803282362e-01,-6.416635809466137985e-01,6.159805988033287827e-01,6.794124908271571561e-01,-4.308303042263595728e+00,-8.113918291539403693e-01,-3.979352975227889444e-01,-1.253706288689899195e-01,-8.917904465223951860e+00,-7.987806231595542261e-01,-1.069481293201850258e+00,5.788226048714879113e+00,2.503067177331769866e+00,-2.076688967581831857e+00
-6.021004476264208982e-01,7.368579272986645057e-01,6.678174584313609330e+00,-3.798498891457205318e+00,1.487733872047341421e+00,-3.572843523320725634e-01,-1.767575068794271509e-01,-4.214082819913559930e-01,1.801065773062832998e+00,-1.704907500153163724e+00,-1.725696887763813248e+00,-2.716321952577197552e-01,-7.567616388227771385e-01,-1.014510943123996922e+00,1.152296153023422853e+01,-1.945098670214595371e+00,-7.752728749401254227e-01,-3.848162543268762725e-02,-2.240574771770606155e+00,-3.954314449258192532e+00
-3.656209178471686805e+00,1.852864314073457308e+00,1.293773602531787859e+00,-1.033646522510569987e+00,-7.855312919538968153e-01,-1.594435950426279280e+00,-5.658166393240594561e-01,-3.571619961879701766e-01,-5.289084258186420584e-01,3.544006194831755274e-01,-2.058006356219054533e-01,7.604068036603015557e-01,3.091724822372234338e-01,9.447208266184498049e-02,7.289804267763338785e+00,-1.340690164449178212e+00,-5.359223214078903119e-01,-1.006415569550946909e-01,-3.686046284056211597e+00,-1.928184609699413743e+00
-9.137244333994249956e+00,9.243003899634788523e-01,4.623425773954064510e+00,-2.566355165343559896e+00,-2.031960057046084678e-01,-4.996370068535978426e+00,1.867167266482335997e+00,4.344107424969676501e-01,-4.033573174075757301e-02,-1.099166898545237192e+00,7.692556479669225844e+00,-8.871484335404158372e-01,-1.119130807963447216e+00,-6.637232110296846788e-01,2.117783263554458628e+01,-2.527841819023766146e+00,-1.243606263986198446e+00,-7.737876440714483550e+00,-9.266794334710828362e-01,-1.340679649698565346e+00
7.289674223160897526e+00,-1.223813668197836435e+00,2.256950407654269242e+00,1.425055490450788831e+00,4.655703037729083671e-01,4.201236873271218641e+00,-9.098600867976610607e-01,1.741151065112300778e+00,2.141129282615465979e+00,1.031362367987744388e+00,-4.333094310089848022e+00,-2.415917748929338749e-01,-9.014191323901552533e-01,4.476366162529478165e-01,-5.910230810791673228e+00,2.149585554193183867e+00,9.422185448379454265e-01,4.760849689272224516e+00,3.376352777866158839e+00,1.229269792913048276e+00
1.003566003549123842e+00,-4.100951509167428122e-01,-3.106102798999180070e+00,2.574513025934744181e+00,-7.806330487664692175e-01,5.520852369982870433e-01,-3.115023483088130707e-01,1.344562068549802980e+00,1.214656316485954179e-01,-8.310837735881243526e-01,1.650627865744573652e+00,-1.501955749525621719e+00,7.843500946337530477e-01,1.281852218687297706e-01,-5.815856219705192842e+00,1.803165186694571265e+00,1.997505376996144832e-01,-1.791149694286708227e+00,-1.550017625475521577e-01,2.157299876862500021e+00
4.981674384830980351e+00,-9.097624568708019277e-01,1.656356639913930007e+00,-7.129592622483359454e-01,-1.658950545902244111e-01,2.270999407456888886e+00,-1.051328017135924275e+00,6.107936235784311441e-01,-1.114972249195364640e+00,4.329101206642703703e-01,-3.135428204609861158e+00,4.333319271949529275e-03,-9.348923118044520919e-01,-7.064870563073474274e-01,-5.903836630606972946e+00,2.546098236365423872e-01,-1.194870759750393363e+00,3.361425187720335384e+00,4.996748256815648492e-01,-5.134042123997433205e-01
-7.211042750880300112e+00,2.134945366983113768e+00,4.871374260585882077e+00,-2.262457727829613852e+00,-1.873643878611289670e+00,-4.609795111314522131e+00,6.098097792083723157e-01,3.451185231096153272e-01,-1.564355079532077974e+00,3.895142331208687025e+00,4.474111242093630203e+00,1.208649584415865119e+00,-2.531927379236316722e-01,2.050961325932974422e+00,2.275476248811910196e+01,-1.051265520367772544e+00,1.383548117363065488e+00,-4.790666904871689447e+00,-2.677784256624218262e+00,-5.282984051483481380e-01
-8.491418258373020223e+00,3.327232822878050111e-01,-1.073741323954682692e+00,7.881085939506737859e-02,6.759378953734787032e-01,-5.368142743961310970e+00,2.551330607293155417e+00,2.895312081715507024e-01,1.194537709941523085e+00,-1.835126897175708427e-01,7.965224415212898812e+00,5.852019489163699101e-03,4.847785894014942087e-01,2.249808689170491038e-01,1.046877153385431924e+01,-1.690100903316378522e+00,-9.302290176955072543e-01,-8.991802081967415816e+00,-9.787954701252101763e-01,-5.021923848903284693e-01
1.127111574922130366e+01,-3.992983325674962503e-01,4.978898316204076302e+00,-1.337123412266142397e+00,-1.465769415693354560e-01,5.759656367209289307e+00,-1.845115023761259465e+00,1.974596032971247084e+00,6.738945588510750762e-01,-5.239260900789797226e+00,-9.875067334627724236e+00,1.728072380475289271e-01,4.123909423621591186e-01,-1.643039419268762291e+00,-1.147156880846466542e+01,-4.856659680681851832e-02,-8.389181926991217120e-01,9.431944286569301283e+00,-1.833930516287692658e+00,-1.066095902255476791e+00
3.504954377125870657e+00,1.345525417063316298e-01,-5.260829538796775395e+00,2.884348774073915322e+00,5.148043382987209649e-01,1.920078370227774611e+00,-5.282753461416779261e-01,-7.756138854630281743e-02,-1.521200049944969601e+00,-1.273430736496984350e+00,-3.594761990768215121e+00,-6.032577686290230279e-01,3.657513585035572501e-02,-4.767927751929870173e-01,-1.453403207917546425e+01,1.937010312167977366e+00,1.870582175123510327e+00,4.085513279869950054e+00,2.089686054864463127e+00,2.132135481834964263e+00
6.363982903255960721e+00,-4.597723322053485773e-01,-6.898212774616849785e-01,-1.948470267899226616e-01,-2.907073535955466692e-01,2.989633311946462868e+00,-1.824564251517687419e-01,-1.747203867485341289e-01,7.812662184504770568e-01,6.753375356771477156e-01,-2.090495820516750314e+00,-1.452617592678145053e+00,-1.945152659149291807e+00,-4.345080475816834875e-01,-1.576393794606249621e+01,-2.411377718057554076e-01,-1.888098457697037436e+00,1.848702350394046068e+00,-7.927362914208879729e-01,4.498625450858841912e-01
-2.614166514615552828e+00,8.767065728140874814e-01,2.801970663895854585e+00,-1.882059565381560162e+00,-5.862104987829626183e-03,-2.427021208223565374e+00,-4.014349122004326476e-01,-6.845160235570475482e-01,-1.563518618182228870e-01,2.087198385755185015e+00,3.814409353759280918e+00,-1.802372339833261672e-01,2.285526245373060705e-01,1.316306636390133677e+00,1.035186864024236719e+01,-7.991817338758611111e-02,-7.308263032702955186e-01,-3.949992618108734810e+00,-6.617891150305588166e-01,-9.656092835324012746e-01
-2.392806946686339309e+00,-4.313284578122955626e-01,5.624920452643644708e-02,2.904799076734522201e-01,6.140860199972256739e-01,-5.608282139874735117e-01,8.647498116729069872e-01,1.542135832810185257e-02,1.690796426079706372e+00,1.716288210210100473e+00,2.628618311371357485e+00,-6.440301183865355938e-02,2.942461011665024051e-01,1.910739689438470723e+00,2.986271407112273568e+00,-3.835934959745386785e-01,-1.501200676153412683e+00,-2.796781962929413279e+00,1.878331489052129655e-01,-6.720733271278435117e-01
1.382526673117257410e+01,-1.309508047611017023e+00,-5.630302823736899498e+00,2.603341624246723107e+00,-5.720479037750468843e-01,6.975005130384133167e+00,-2.019587463723571119e+00,-2.787151148278652069e-02,-1.460284415686404214e-01,4.820051202519256783e+00,-7.506619773901967108e+00,3.614882569813040458e-01,6.405187320527278017e-02,5.224847087158510650e-01,-3.313341794998887480e+01,2.008726555894227328e+00,-1.642094439074697654e+00,8.192589269705425892e+00,3.189927689250568132e+00,2.206358699435496451e+00
1.710216500133720841e+00,-3.405112057365210498e-01,5.719154001177692015e-01,7.407229906172183576e-01,-1.043810307684207128e+00,1.067177594975882382e+00,-1.530481904754721345e+00,1.467531186938417997e+00,-9.993388047630613613e-01,1.579408103090188087e+00,4.761813654752502512e-01,5.346183461109748070e-01,1.450213193545030893e-02,2.253885518398503485e-01,-2.756378930611162126e+00,4.837533142502933314e-01,-9.174997897478746889e-02,-4.197862352157895049e-01,1.457192506694418466e+00,1.353911428286325602e+00
3.443199113019260960e+00,-5.051707492917374420e-01,-1.715964491237760292e-01,5.946782441379830919e-01,-7.459787520095300106e-01,2.544184542735790977e+00,-1.338151482859575747e+00,1.283924690210088482e+00,-1.700894375408499304e+00,-9.185600358695478196e-01,-4.177833936132859805e+00,-3.512456661589825058e-01,-1.129420773780514198e+00,-8.843238504918983223e-01,-4.862956223197409500e+00,-2.378718488302897782e-01,1.314171277220406608e+00,4.905724118220952334e+00,1.129703082281137583e+00,1.501558440267112493e+00
3.241778825991582291e+00,-5.843771797843404503e-01,-3.980879833234110432e+00,3.013468782025822135e-01,-9.156220287794428758e-01,1.330659653760124517e+00,-5.166359959599493568e-01,-5.015276872176732681e-01,-8.915228712711757986e-01,7.219995278209057066e-01,-2.973927305166335966e+00,-3.498133272134894278e-02,1.339576867352313849e+00,-5.179732588078999056e-01,-1.222096849341899905e+01,-5.359919697049634335e-01,1.506205083551904300e+00,2.836210578156670881e+00,-1.285580146229206022e-01,-9.147256770776399648e-01
5.940948876669435386e+00,2.042395061904613007e-01,-3.744969255793010099e+00,1.233760392190571764e+00,3.175398535526682831e-01,2.868011026628258797e+00,-1.701850873050037904e+00,-6.154733995531175283e-01,-9.852561604012339824e-01,-3.391519848234391343e+00,-2.799586806573657327e+00,6.442768497701629737e-01,-5.171949330119488542e-01,-2.652948133337375669e+00,-1.650241799937556664e+01,1.678223727169639190e+00,1.838513934185699028e-01,3.277693610212579323e+00,2.190998104429660587e-01,-1.131816613500244761e+00
4.694573078397247023e+00,-3.008799422771259863e-02,-3.566935098778327262e+00,9.009120618198218633e-01,-9.931535911974583852e-01,1.819442982838970879e+00,-2.303895980275977029e-01,-6.826850626225108298e-01,-9.599538681951621522e-01,4.137885787919080016e+00,-4.450319744397121191e+00,-8.202282831562377474e-01,-8.608362524781539848e-01,1.729559047418258722e+00,-1.278083567865310499e+01,1.686430331547426609e-01,1.754168240117638944e-01,4.521628010464596059e+00,-1.924937405579375260e-01,3.818826430205050082e-01
-3.646252965966612081e+00,3.461891946956685007e-01,5.691122379457238978e+00,-1.944865292489262654e+00,-9.855897051075519499e-01,-2.477564054647600322e+00,4.729641195060403369e-01,1.783206825443074406e+00,-1.280828902665771540e+00,-1.965559938413993901e+00,3.945225280776275323e+00,1.524988297882290400e+00,6.651956848994069471e-01,-2.906893700638716882e-01,1.466890866908762803e+01,-1.314202834207106818e+00,-1.776206480924604481e-01,-4.025023345384495244e+00,-8.679764349468059859e-01,-2.498272710919750672e+00
6.904999802641278439e-01,-9.759261164556912727e-01,6.468870482953607670e+00,-3.163958029952070650e+00,8.158924567406432571e-01,-2.637892477944094316e-01,1.135887106524670287e+00,3.903027899038409299e-01,9.494295875264582296e-01,5.294157097659970557e-01,-3.397855950148256365e+00,9.165774278241693995e-01,-6.136934044157749124e-01,6.272281119680114259e-01,9.149874581652404970e+00,-1.881360358873166216e+00,1.011405731083796944e+00,3.341661539771131562e+00,3.240734362005031066e+00,-2.254967291461368983e+00
-2.019038124138001322e+00,-3.013212610943251102e-01,7.356259972539811454e-01,-8.845478359084311126e-01,6.383300389845739664e-01,-9.831331903459428201e-01,1.440512619869062982e+00,-7.659452096722449976e-01,1.047554823357640386e+00,-1.706491844208136488e+00,2.626480635622518989e+00,-1.177495803273136410e-01,9.017108725689723103e-01,-5.483196937384304803e-01,4.649136705312283624e+00,-3.054298626668797700e-01,2.687192369583860097e-01,-1.943863245536257667e+00,9.751830231523106463e-02,-1.024554146911474506e+00
-9.969359804661982238e+00,3.613732998766527871e-01,-2.483026731378560115e+00,-1.189108944082066355e+00,2.816052848650089091e-01,-4.981057371689240121e+00,1.910907298705655899e+00,-1.208648448036093503e+00,-5.745002426726284472e-01,2.747114367478022068e+00,9.102781514053534195e+00,-3.643264931007855756e-01,-1.133714010814507844e+00,7.011969594369452663e-01,1.177418573556164283e+01,-2.565798546607138686e-01,2.728144582942318985e-01,-8.943077925802121797e+00,4.946991015874021569e-01,-2.018887891495838804e+00
2.451475940064480330e+00,-3.602888330731322808e-02,-3.038371991730608013e+00,1.759021658333381311e+00,6.195010973048159508e-01,1.661432428879255241e+00,-1.257638689505954810e+00,8.057489968336334352e-01,-4.265536969606582574e-01,1.877198023517023362e+00,-3.006176103806335487e+00,1.250757980076949716e+00,-1.252912478346648317e+00,7.032436499708345501e-01,-8.614309144810926355e+00,9.932116966450579287e-01,-4.322325839787875545e-01,2.973445193536659481e+00,1.045795005960946433e+00,4.520669266083165105e+00
-6.569192209280956263e+00,-5.471999077131209921e-01,4.573736587284011890e+00,-3.297320349861208477e+00,-1.095634492554674599e+00,-4.112830634235526084e+00,3.183451911785811550e+00,-1.073689994812631943e+00,-1.410936578502032801e-01,-2.194812019376832346e+00,1.164013069618201057e-01,1.077186228294586989e+00,9.811407886243090903e-01,-5.137183811740770878e-01,1.846645298621592701e+01,-3.714217777975533430e+00,1.140252467795926705e+00,1.913756572778649856e-01,5.023643939997615160e-01,-2.825490077164376501e+00
2.971623530094518628e+00,-3.433841399859020038e-01,1.215997913942393982e+00,-1.162541662635976358e+00,-2.940228159333809210e-01,2.136024915143960534e+00,-4.151696570528314867e-01,-4.196299236185166426e-01,-1.351347435319586898e+00,1.097385516447094256e+00,-5.377950775364108704e-01,-3.589680731230164568e-02,-2.444173815634160807e-01,2.348445817895682408e-01,-6.910375379797988771e+00,-3.257156127375711585e-01,-1.939043175899847204e+00,-3.151682799506656529e-01,9.665729872271797696e-01,-1.883058066422276022e+00
3.984143468685700018e+00,-5.880627016368813464e-01,-1.362265341837245680e+00,1.475298055495109839e+00,-5.209524512136144425e-01,1.839520227049320500e+00,7.436502296851803251e-02,3.208599074625465009e-02,1.178245482522978227e+00,9.387147897369908511e-01,-1.991864244082746538e+00,-1.520038782888609274e+00,-2.095597887135157489e+00,-3.367304193472822615e-02,-8.715458915155696928e+00,1.556423212981648430e+00,-7.706673369289579467e-01,9.477512121871803918e-01,1.798615068861004751e+00,1.216766413927346191e+00
-5.849748752051320722e+00,3.629673893575705024e-01,2.643186499305752779e+00,-2.124552025039128988e+00,-2.278581866639346060e-02,-3.081272042991770377e+00,1.931504353525065554e+00,-7.148050807728177913e-01,2.046013992405879556e-01,1.059086488705180296e+00,2.245039702712108287e+00,7.584995414926372082e-01,-1.368254235329647295e-01,5.454797195998921655e-01,1.382816736840628380e+01,-1.917043285133658959e+00,1.304854281832934282e+00,-2.520018066430373072e+00,-4.375025919549329068e-01,-1.601084545162782868e+00
3.986507635501710389e+00,-7.205949284041024416e-01,-2.516893809919245939e+00,4.423177002869088659e-01,1.600564986971305670e+00,2.371914154486753912e+00,-9.159260032840765842e-01,-1.092106682377650406e+00,4.671977509443829835e-01,-1.068895526845224264e+00,-4.165620507777619608e+00,-2.916965916972392159e-01,3.742195756760644532e-01,-4.761813736814211606e-01,-1.293255140129186920e+01,3.231613810142776044e-01,4.508869503781013366e-01,4.481841239524506193e+00,-5.864816621157284970e-01,3.384692430884039815e-01
6.564694019990842122e+00,-8.663013165480933919e-01,-1.955593710349851300e+00,9.980954782628503885e-03,-9.654624855396637395e-01,3.616169537034628512e+00,-1.004985422216021718e+00,-1.629442367973175543e+00,-1.550046174118793474e-01,7.920087530117110308e-01,-9.351489787651081187e+00,-1.440346348081469774e+00,1.014927997218246336e+00,7.511559184408954648e-01,-1.396884390887869642e+01,-6.473891457392662030e-01,1.024316423565406531e+00,8.722924819657711382e+00,1.772773659284434533e+00,1.565521171004833789e+00
3.309590189327480392e+00,-6.539347912741159119e-01,2.484441888156867950e+00,1.270338814782998593e-01,6.690284968353193973e-01,1.509365454485804836e+00,-5.642874099442505287e-01,8.951438680954250104e-01,-5.345269853748314537e-01,-1.834323211305584511e+00,-3.417842953209289103e+00,5.870389989089244004e-02,-3.369513997734329136e-01,-2.286989575950684195e+00,-8.799232252631914442e-01,5.989275900076718173e-01,-5.282410358461307916e-03,3.830721231324408116e+00,4.227106733117599324e-01,-5.110597697145369267e-02
6.877204212494985036e+00,-9.314174143942840489e-01,2.324787138492174776e+00,-1.480933549627533319e-01,8.938363083377315332e-01,3.670019372476475805e+00,-7.533427154141224547e-01,1.867141804082890877e+00,-3.505400356590507860e-01,-4.668268386569774941e-01,-3.225082165838819570e+00,-1.375276279523044876e+00,-3.603875599729114976e-01,-1.427976198482389936e-01,-6.930406732497370825e+00,6.647758836152302120e-01,-6.264778289754676655e-01,4.552529193646539518e+00,3.259022662622128585e-01,-5.482846870496436154e-01
4.170304326557995545e+00,-1.630976273276786292e+00,-4.095076160503974272e-02,2.499285751897011298e-01,1.057294616915801955e+00,2.403133130987103350e+00,1.064380884074097811e+00,8.418979707645569965e-02,-7.081236222744539122e-01,-1.845134299901318276e+00,-7.014941020275593075e+00,-5.554622130437201211e-01,2.855165970766221917e-01,-2.288262901442314479e-01,-6.324148929262960905e+00,-6.607322550532722660e-01,1.036627140181220152e+00,7.482011693946505559e+00,2.252248106703544028e+00,1.997430603154446649e+00
1.771736717652211635e+00,-4.469617328836134745e-02,2.405612838788393049e+00,-5.922876385562776402e-01,-6.104557868146327504e-01,6.097848829045917629e-01,-7.902923813133973241e-02,7.905454686785545748e-01,-2.857182065516795655e-01,3.111122667873801984e+00,2.376484515971081457e+00,3.734952810029642523e-01,1.579207280246489820e+00,1.581785562250991095e+00,1.158873659589760408e+00,5.763793066528255515e-01,3.348038900028560416e-01,-8.480508764103749098e-01,-1.071853415437547641e+00,-1.420111635909893755e+00
1.867480908507168857e+00,-4.740949266512906046e-01,1.179859195184138443e+01,-6.045701336031161333e+00,-6.157037253480559524e-01,1.070795332245421116e+00,1.306902098221680353e+00,1.273766153496163067e+00,1.797398665491397152e+00,-2.392787531010850621e+00,-1.032902428612418966e+01,-3.328366374705837849e-01,7.641329892814861802e-02,-1.743617032719944615e-01,2.152144686133841134e+01,-2.873562589548856572e+00,2.702405544856281150e+00,9.905589363065548270e+00,5.967562438984284068e-01,-4.289357614847753020e+00
5.580763321706820435e+00,-1.118277474784379472e-01,-1.543479298520463727e+00,-1.574838094580036651e-01,-6.442242256651731225e-02,2.132277619844385796e+00,-5.814795787378128633e-01,-1.092113991050539967e+00,-1.885266771005284614e+00,-2.561643939847253026e+00,4.559223107822513166e-02,2.160416365407927079e-03,8.999128840999438550e-01,-9.549471614367677219e-01,-1.287802836861960287e+01,-7.410058673574004828e-02,-1.456124611002651781e+00,4.958898704467897822e-01,-3.755304435042786659e-01,-9.562897583964956594e-01
2.284967299758352333e+00,1.037294928787813042e+00,6.387141806390948418e+00,-2.153223172093432947e+00,-8.814358679518854434e-01,5.881540296176877014e-01,-1.638684563374850356e+00,1.009998130059196697e+00,1.617226115869766501e+00,-1.711866295709877361e+00,2.284068840519788868e+00,-6.617466562404948904e-01,1.306318508158535452e-01,-5.451262717089443433e-01,7.144251581606196666e+00,-3.163251084769225230e-01,-1.080434433540284761e-01,-2.006539829160145505e-01,-1.592223326156933849e+00,-1.860045609425438506e+00
-6.205488907426971679e+00,-1.356464422474062737e+00,7.648897604123575888e+00,-4.525621440580251509e+00,-6.869377017376963046e-01,-3.219000840911188099e+00,2.403305732888245227e+00,-1.427928566328827975e-01,-1.522453033648130671e-01,-2.556725691772290254e-01,-1.665692634252668725e-01,-2.093673262709179195e+00,-1.458992551700298013e-01,1.692552848581184086e-02,2.395909816909548340e+01,-2.795942576091377418e+00,6.713300609953803955e-01,1.111428888302562479e-01,2.118394500101920208e+00,-3.517837741493167414e+00
-2.984430381333482707e+00,1.136743666793403884e+00,-2.029841829756271032e+00,-6.539163002068695274e-01,4.672978523417984920e-01,-1.539906238311466780e+00,-2.819925649626079528e-02,-1.147799575520497939e+00,2.044855603435757452e+00,-2.754185590431557529e+00,1.526750709276325502e+00,1.696989591899367433e-01,1.643670494804059246e+00,-1.080594570475352123e+00,4.969489586483164523e-01,-5.609803028013320425e-01,8.809925771534775629e-01,-1.009576409718136558e+00,-1.476135658986902133e+00,-1.378182926962246313e+00
7.168194689348528215e-01,-1.293866919944809124e-01,-2.342387596270701255e+00,1.425645573489819906e-02,4.154093578056857750e-01,-1.947724531020411654e-02,-3.975388361710407992e-01,-5.018034449719127599e-01,1.134329045736157893e+00,-3.475602773195564099e-01,-4.006874335124338771e+00,1.871299375358374206e+00,-7.562210934688954334e-01,-2.282397121706733478e-01,-5.715340938258347769e+00,-4.374216764755537445e-01,1.094059147923327480e+00,3.619725151533771168e+00,1.043083196044856331e+00,-3.242745642728550037e-01
5.253422131652801141e+00,-1.380691499558161617e+00,5.424915203580164658e+00,-2.782589373907660590e+00,-4.592066815254247647e-02,2.297175373215031069e+00,1.657829496752144527e-01,2.183999708497055825e-01,-1.953385227757642451e-01,-1.290868470877705620e+00,-7.024206758291984265e+00,1.003418204517559476e+00,1.686359693217409861e+00,2.646508193783149165e-01,2.081772120813830007e+00,-1.676642490992324763e+00,6.221381958483410690e-01,7.599603471517145437e+00,1.025392714027933305e+00,-2.482756098846192305e+00
8.352703397956211973e+00,-1.708260040703584171e+00,-3.999500859461034175e+00,1.485946445095265300e+00,1.345490095518210583e-02,4.187668577216928867e+00,-3.767728949081506906e-01,5.511208086695912334e-01,-1.196599283563334615e-01,2.483608865820570610e+00,-7.564550522940783672e+00,-1.792888347549299377e+00,1.300822847412342664e+00,1.316051457340958741e+00,-2.228765447181777759e+01,6.470228536407994779e-01,-8.541209895185558620e-02,7.176764014319627627e+00,5.220094758164291804e+00,2.083611963196005945e+00
3.697550965713275684e+00,-9.111013317449050131e-02,1.691830275343219281e+00,-4.585049326546771775e-01,1.353288533317737130e+00,2.122605532145994900e+00,-4.604758563686903727e-01,4.678712939947408112e-01,-8.394742571201216919e-01,-2.444458431462249171e-01,-4.562208649674666994e+00,1.537492531485613378e+00,1.443071449012134577e+00,5.556714871295258540e-01,-1.907209893408534862e+00,1.215703241432957160e-01,8.985821364141005629e-01,4.130040693122586148e+00,2.979177652485088812e-01,-1.468078657622467365e+00
-3.880063819977123685e-01,-1.257654503486701214e-01,-9.423785771942139178e-03,9.715261919348101571e-01,-1.152024284957906985e+00,1.074538390369189633e-01,-2.459098242877141294e-01,3.296873869590705164e-01,-6.672985780498004171e-01,2.119609090416993968e+00,4.134673221308999835e+00,-4.559625288334617221e-01,-7.379793672685763806e-01,9.211662675182767934e-01,-2.908932822435277843e-01,3.150136870952667256e-01,-1.442131139796639649e+00,-2.833674756476218803e+00,1.381877428977520639e+00,3.518381566602142851e-01
1.074231254313114370e+01,-1.386152477960968188e+00,-5.906666572051590514e+00,3.857742462042251130e+00,-1.073350783921536572e-01,4.968855647304556200e+00,-1.187434897841141757e+00,1.651088260044016390e-02,-2.861976845634235378e+00,1.058646650880135542e+00,-9.839939554209648165e+00,4.999920582930028612e-03,-8.256843218914128313e-02,-1.843528733448043522e-01,-2.732467643213752950e+01,2.936059532357974344e+00,2.211397454011745811e+00,7.609889674916510138e+00,2.460967956941705115e+00,2.697056680178389954e+00
8.569061343503122652e-01,1.837932498892903110e+00,-3.842430228219405386e+00,2.316649123098971863e+00,4.495061279218341421e-01,5.089359819002881036e-01,-1.747785935643884958e+00,4.436514303354542332e-01,-1.109716373829574332e+00,-2.534570053864794392e+00,-4.582416906782804666e-01,5.520596241286310768e-01,1.244680230062537474e+00,-1.000445376394221819e+00,-7.854302947603316376e+00,9.178044201881938591e-01,-1.224691393905900233e-01,-8.267600044296812278e-01,-9.255789090828709931e-01,2.111542106168294630e+00
5.523801834653825793e+00,-2.188997478624363779e-01,-3.317231489295637381e+00,1.981800174457622354e+00,-1.602343456863252635e+00,3.048848450105747787e+00,-1.438190429615143984e+00,-5.942777878650428169e-01,-1.115094377023726713e+00,2.016270818077279259e-01,-4.731225081012325084e+00,-6.271799793708054960e-01,-8.369656007280925625e-01,9.069624871639828667e-01,-1.487996197333497328e+01,1.191672087027051852e+00,2.050618150562460440e-01,4.172207115709697156e+00,1.833057008434391788e+00,8.924637933429845349e-01
-4.802447861749050695e+00,5.651710452363190029e-01,6.615613885353397450e+00,-4.140531683374046423e+00,1.612713357877709475e-01,-2.619824065967528703e+00,9.555682414613330122e-01,-6.087319127426008558e-01,1.039743555332357516e+00,2.646170944870606778e+00,-9.974306064694749008e-01,-1.995967796507840175e+00,7.616227547439020640e-01,1.211757796730612124e+00,1.905498504695336592e+01,-2.256254336893948054e+00,-5.592395952737466702e-02,-3.063600771675838441e-01,8.454434940796901055e-01,-2.875542980830040563e+00
-5.022829196277937669e+00,2.390744902938737315e-01,9.864013293062837917e+00,-5.731954692187429146e+00,-1.092025604513674697e+00,-2.468995994153670548e+00,1.521905362045926857e+00,-4.660774314308877703e-02,-7.826409482320708655e-01,-1.564017116603196422e+00,-2.099767310985227731e+00,1.870432955482163262e+00,3.552292673219280550e-01,5.817406662631198488e-02,2.598812671534212626e+01,-3.431013062978194306e+00,3.329752982472800604e-01,1.821179441041306468e+00,5.965948021665360423e-01,-6.219237168032385021e+00
2.249239953258013625e+00,-5.113706047056914006e-01,-2.221760150107256138e+00,-1.163230988120459580e-01,4.543172120349535659e-01,2.072460563406980594e+00,-6.579154533734115073e-01,-1.100316120461096503e+00,-8.033645499611324903e-01,7.758728369014944448e-02,-6.640429990612585209e-01,-8.701815576463985957e-01,-1.236885606252054876e-01,1.183526128235195651e+00,-1.080807094644054800e+01,-1.396832156289331550e-01,-1.733367012678530550e+00,1.462346392596778566e+00,1.129400297225644501e+00,1.678271671389934383e+00
-8.141769590427216929e-01,2.601955818228733897e-01,-1.520288092892775333e+00,3.635065222812099983e-01,3.407292707223711359e-01,1.378741697812813083e-02,9.919684768826228516e-02,-4.443061123884848307e-01,4.847089577955725204e-02,-2.105201127116150595e+00,-1.126760858095480655e+00,-2.160706050794790056e-01,5.737022169633381186e-01,-8.117481258171763692e-01,1.420455420094995036e+00,2.700726746665698674e-01,2.195147114582867431e-01,4.355436156002705506e-01,-8.267074209595857148e-01,6.048727392044106477e-01
8.393022142749728687e+00,-3.254155231213200050e+00,-1.823630775506652535e+00,-1.241806316554500134e-01,7.005676637320616962e-01,5.946541515714995896e+00,1.637054082619905371e-01,-1.670980469397615797e+00,2.033484051071016818e+00,1.037443049313679921e-01,-7.930156671824456716e+00,-1.253335431287764701e+00,1.227735511177354827e-01,-2.349507461906551742e-01,-1.701627089625721823e+01,7.409264890432042394e-01,-6.217559003472188373e-01,9.424246134735771108e+00,5.828976694288458660e+00,-5.884126774477980992e-02
-4.409217680076805479e+00,3.621650080411595307e-01,4.275475534754276108e-01,-2.186909449205603373e+00,-2.728974665261466037e-02,-2.623810961707102152e+00,8.914716611124681167e-01,-1.393860070270584117e+00,8.161819156437247758e-01,1.566513438747065390e+00,-2.447254721060283966e+00,5.276222724969613642e-01,-9.818002952473344758e-01,2.397738053162786487e-01,9.306874687215824338e+00,-2.358492712527488600e+00,2.045633052234593630e-01,4.556889053074550944e-01,7.962204919403726988e-01,-8.513999250537228614e-01
-1.328567754456932759e+00,-7.131218105716390365e-01,-5.983105162999025062e-02,6.269952225085825837e-02,-1.832269555288870588e+00,-7.844898573053805668e-01,1.122430033884263656e+00,8.182388973954994871e-01,1.175490707694374914e-01,1.623127979630347717e+00,2.666644435260479451e+00,6.982239889741188588e-01,1.061347733438486041e-01,9.804092104468741242e-01,1.804554566507258651e+00,9.271837778277458586e-02,1.415211369693451848e+00,-1.845288516425490188e+00,5.083965481591148361e-01,1.177958757462529427e+00
-4.723150595806009933e-01,-6.515357240093558877e-01,-2.655290267271141591e+00,1.281884532631616835e+00,1.404803198462021008e-01,2.004517462231029112e-01,1.855364012526131701e-01,2.323272374969682641e-01,5.969338203937564202e-01,1.144761460306121803e+00,1.288013700803303241e-02,1.447682482061032561e+00,-3.796436481153386278e-01,6.261176259720904191e-01,-3.416719648426846945e+00,6.683068465141498438e-01,7.229514311282909667e-01,4.640555894840660556e-01,2.696628343893047175e-01,1.751229391620420461e+00
-9.347102802442307734e+00,1.579844263708028551e+00,6.389535451302005065e+00,-3.291419808869280761e+00,8.882427398705447508e-02,-5.905496876514229498e+00,1.896344844625408532e+00,2.967706748525358318e-01,-1.254053419080433995e+00,1.782507239315809233e+00,4.578835256993197156e+00,-1.067981741576893517e+00,-6.911460544266624373e-01,7.851529307842967098e-01,2.825534006404614473e+01,-2.636532723539989576e+00,1.272079428344399687e+00,-5.651943159031431740e+00,-3.731581265837085493e+00,-1.208119162781607248e+00
1.074398152269948836e+00,-2.226083297290612772e-01,-3.358610951982539561e+00,8.208979080133131934e-01,7.102958301923752993e-01,3.496999145887983440e-01,-3.841342448874980886e-01,-6.137807828482856332e-01,-1.142847777046506641e+00,7.175550650246297346e-01,-9.155645307274751232e-01,-8.051535724608246403e-01,-1.022180388506496618e+00,1.146008997362349124e-01,-9.788049785438936112e+00,-6.446205746181549179e-02,8.534639510751654834e-01,2.458009418426748027e+00,4.385704462799321357e-01,1.818113741931097982e+00
-7.448246973293236373e+00,1.681071213896911498e+00,-1.882672798115065493e+00,1.893425012520080442e+00,6.789097443387052122e-01,-4.285948684114869955e+00,5.023366881186458466e-01,3.994020021709959178e-01,-3.335822940580982898e-03,4.453248754678271193e-01,7.563095294093547416e+00,-5.749410772511237555e-01,5.255629878459208149e-01,-1.036403112479117317e-01,1.141611961411892118e+01,1.985055661376206038e-01,-8.639310385660999847e-01,-7.636585825406860373e+00,-2.050212332861194309e+00,2.226073831754664223e+00
-3.079959957818354077e+00,5.101533390920173217e-01,3.150768337751558512e+00,-1.006911521903173012e+00,9.430612725787448358e-01,-1.506949964662749997e+00,1.093251524884906845e+00,1.206011655685729211e+00,-8.768970799699461471e-01,1.818846393707631570e+00,3.320880358315394965e+00,5.848075757676910458e-01,4.324424109812106121e-01,1.979111911743518526e+00,9.954588693321245074e+00,-1.588234540892499602e+00,-1.531630414037006505e+00,-2.178968136696024072e+00,-1.137199236835841898e+00,-1.480933164606003771e+00
6.840631096033133574e+00,-1.039310647715655067e+00,-3.746406590675479542e+00,1.694577196150460985e+00,-2.191805957457716669e+00,4.695031110381932216e+00,-1.704444242295937828e+00,3.798686110317187614e-01,8.457039555776915130e-01,2.292552692213452037e+00,-9.165221244263458189e+00,9.694170155785528653e-01,-1.458986207540964031e-01,1.136242556811943860e+00,-1.775609613652987662e+01,2.367141891150914557e-01,-1.218101882340595077e-01,8.916833448973145337e+00,8.260130647514919433e-01,3.968046535645612938e-01
-7.118824622637391908e-01,-4.054402012560325841e-01,-9.744878944598436288e-01,-7.060878617537823532e-01,2.687329877788382504e+00,-1.239767878884473262e+00,7.570780187381705995e-01,-7.158428977548330074e-01,-2.088032994953846824e-02,1.779686003759534785e+00,5.218300533036464017e+00,-6.795812407051303461e-02,1.339106565080583344e+00,5.170149176654931233e-01,-1.264105003779274483e+00,-4.529779982218027357e-01,-1.915720924599576769e+00,-3.671905914613797339e+00,2.497866244168616134e+00,-1.344880415969188281e+00
-2.395734889427564962e+00,1.197095754690380431e+00,1.240647660097262406e-01,-5.852077103501063249e-02,-8.721359431540138818e-01,-2.098960249724176386e+00,1.601273247717442672e-01,5.832211865861033212e-02,-1.335142365671340980e-01,-1.708037981165535069e+00,-7.671704809919610568e-01,6.054568839454910201e-01,-7.006365585221584480e-01,-1.034443603553178104e+00,8.002581654908370368e+00,-4.580757808559519917e-02,2.421481134780367750e+00,3.264566577057592678e-01,-1.211281102584375047e+00,7.288919932899010079e-02
-7.821072393102538101e+00,5.338727393703545099e-01,-4.520033537782834898e-01,5.164372079751355926e-02,-1.240422056537058504e+00,-3.977459986009483472e+00,2.639098475437312796e+00,1.962617812279780216e-01,-5.223027997663192146e-01,-2.428417191127073771e+00,8.630259608275791194e+00,2.210366791504421100e-02,1.947241914530266849e+00,-7.075972909861976134e-01,1.311333386411474322e+01,3.288623939217458769e-01,2.045083360193071798e-01,-8.533688030948329839e+00,-2.169574076746728863e+00,-7.818753563121101369e-01
2.768083613965040879e+00,9.982987322877402703e-02,6.384311562233579984e-02,-1.029549802003006276e+00,-2.302948666337869543e-01,1.627353548608785783e+00,-4.786767629928503354e-01,-5.942380877128201622e-01,-1.310158107781135062e+00,-1.512053893571309926e+00,-2.826848489605508608e+00,-4.807950072162603949e-01,6.837121477421956861e-01,-5.807282759807348427e-01,-6.875982973623981032e+00,-1.948465146123080416e+00,-8.154030967982841549e-01,3.669757281734883136e+00,-1.634030801152990042e+00,-1.108164103134941403e+00
